company_id,peer_group_name,metric,value,percentile_rank,year
ADANIGREEN,Power & Utilities,return_on_equity_pct,-3.91,10.87,Mar 2017
ADANIGREEN,Power & Utilities,return_on_equity_pct,-10.29,8.7,Mar 2018
ADANIGREEN,Power & Utilities,return_on_equity_pct,-24.57,5.43,Mar 2019
ADANIGREEN,Power & Utilities,return_on_equity_pct,-2.89,11.96,Mar 2020
ADANIGREEN,Power & Utilities,return_on_equity_pct,8.27,28.26,Mar 2021
ADANIGREEN,Power & Utilities,return_on_equity_pct,18.71,94.57,Mar 2022
ADANIGREEN,Power & Utilities,return_on_equity_pct,13.32,67.39,Mar 2023
ADANIGREEN,Power & Utilities,return_on_equity_pct,12.81,57.61,Mar 2024
ADANIPOWER,Power & Utilities,return_on_equity_pct,-53.45999999999999,3.26,Mar 2013
ADANIPOWER,Power & Utilities,return_on_equity_pct,-4.45,9.78,Mar 2014
ADANIPOWER,Power & Utilities,return_on_equity_pct,-14.25,6.52,Mar 2015
ADANIPOWER,Power & Utilities,return_on_equity_pct,7.380000000000001,25.0,Mar 2016
ADANIPOWER,Power & Utilities,return_on_equity_pct,-205.8,2.17,Mar 2017
ADANIPOWER,Power & Utilities,return_on_equity_pct,-236.56,1.09,Mar 2018
ADANIPOWER,Power & Utilities,return_on_equity_pct,-12.76,7.61,Mar 2019
ADANIPOWER,Power & Utilities,return_on_equity_pct,-35.09999999999999,4.35,Mar 2020
ADANIPOWER,Power & Utilities,return_on_equity_pct,9.69,38.04,Mar 2021
ADANIPOWER,Power & Utilities,return_on_equity_pct,26.61,97.83,Mar 2022
ADANIPOWER,Power & Utilities,return_on_equity_pct,35.91,98.91,Mar 2023
ADANIPOWER,Power & Utilities,return_on_equity_pct,48.28,100.0,Mar 2024
JSWENERGY,Power & Utilities,return_on_equity_pct,14.52,71.74,Mar 2013
JSWENERGY,Power & Utilities,return_on_equity_pct,11.57,48.91,Mar 2014
JSWENERGY,Power & Utilities,return_on_equity_pct,18.06,91.3,Mar 2015
JSWENERGY,Power & Utilities,return_on_equity_pct,15.05,75.0,Mar 2016
JSWENERGY,Power & Utilities,return_on_equity_pct,6.01,20.65,Mar 2017
JSWENERGY,Power & Utilities,return_on_equity_pct,0.77,14.13,Mar 2018
JSWENERGY,Power & Utilities,return_on_equity_pct,5.79,19.57,Mar 2019
JSWENERGY,Power & Utilities,return_on_equity_pct,9.28,34.78,Mar 2020
JSWENERGY,Power & Utilities,return_on_equity_pct,5.67,17.39,Mar 2021
JSWENERGY,Power & Utilities,return_on_equity_pct,10.01,39.13,Mar 2022
JSWENERGY,Power & Utilities,return_on_equity_pct,7.94,27.17,Mar 2023
JSWENERGY,Power & Utilities,return_on_equity_pct,8.28,29.35,Mar 2024
NHPC,Power & Utilities,return_on_equity_pct,9.64,36.96,Mar 2013
NHPC,Power & Utilities,return_on_equity_pct,5.779999999999999,18.48,Mar 2014
NHPC,Power & Utilities,return_on_equity_pct,9.1,31.52,Mar 2015
NHPC,Power & Utilities,return_on_equity_pct,7.470000000000001,26.09,Mar 2016
NHPC,Power & Utilities,return_on_equity_pct,11.99,53.26,Mar 2017
NHPC,Power & Utilities,return_on_equity_pct,9.27,33.7,Mar 2018
NHPC,Power & Utilities,return_on_equity_pct,9.21,32.61,Mar 2019
NHPC,Power & Utilities,return_on_equity_pct,10.66,43.48,Mar 2020
NHPC,Power & Utilities,return_on_equity_pct,10.89,45.65,Mar 2021
NHPC,Power & Utilities,return_on_equity_pct,10.81,44.57,Mar 2022
NHPC,Power & Utilities,return_on_equity_pct,11.53,47.83,Mar 2023
NHPC,Power & Utilities,return_on_equity_pct,10.41,42.39,Mar 2024
NTPC,Power & Utilities,return_on_equity_pct,15.49,78.26,Mar 2013
NTPC,Power & Utilities,return_on_equity_pct,13.06,58.7,Mar 2014
NTPC,Power & Utilities,return_on_equity_pct,12.17,54.35,Mar 2015
NTPC,Power & Utilities,return_on_equity_pct,11.77,51.09,Mar 2016
NTPC,Power & Utilities,return_on_equity_pct,10.95,46.74,Mar 2017
NTPC,Power & Utilities,return_on_equity_pct,10.14,41.3,Mar 2018
NTPC,Power & Utilities,return_on_equity_pct,12.6,56.52,Mar 2019
NTPC,Power & Utilities,return_on_equity_pct,10.02,40.22,Mar 2020
NTPC,Power & Utilities,return_on_equity_pct,11.9,52.17,Mar 2021
NTPC,Power & Utilities,return_on_equity_pct,12.53,55.43,Mar 2022
NTPC,Power & Utilities,return_on_equity_pct,11.65,50.0,Mar 2023
NTPC,Power & Utilities,return_on_equity_pct,13.27,66.3,Mar 2024
POWERGRID,Power & Utilities,return_on_equity_pct,16.34,80.98,Mar 2013
POWERGRID,Power & Utilities,return_on_equity_pct,16.34,80.98,Mar 2013
POWERGRID,Power & Utilities,return_on_equity_pct,13.11,60.33,Mar 2014
POWERGRID,Power & Utilities,return_on_equity_pct,13.11,60.33,Mar 2014
POWERGRID,Power & Utilities,return_on_equity_pct,13.13,62.5,Mar 2015
POWERGRID,Power & Utilities,return_on_equity_pct,13.13,62.5,Mar 2015
POWERGRID,Power & Utilities,return_on_equity_pct,13.55,69.02,Mar 2016
POWERGRID,Power & Utilities,return_on_equity_pct,13.55,69.02,Mar 2016
POWERGRID,Power & Utilities,return_on_equity_pct,14.94,73.37,Mar 2017
POWERGRID,Power & Utilities,return_on_equity_pct,14.94,73.37,Mar 2017
POWERGRID,Power & Utilities,return_on_equity_pct,15.07,76.63,Mar 2018
POWERGRID,Power & Utilities,return_on_equity_pct,15.07,76.63,Mar 2018
POWERGRID,Power & Utilities,return_on_equity_pct,16.98,83.15,Mar 2019
POWERGRID,Power & Utilities,return_on_equity_pct,16.98,83.15,Mar 2019
POWERGRID,Power & Utilities,return_on_equity_pct,17.09,85.33,Mar 2020
POWERGRID,Power & Utilities,return_on_equity_pct,17.09,85.33,Mar 2020
POWERGRID,Power & Utilities,return_on_equity_pct,17.21,87.5,Mar 2021
POWERGRID,Power & Utilities,return_on_equity_pct,17.21,87.5,Mar 2021
POWERGRID,Power & Utilities,return_on_equity_pct,22.07,96.2,Mar 2022
POWERGRID,Power & Utilities,return_on_equity_pct,22.07,96.2,Mar 2022
POWERGRID,Power & Utilities,return_on_equity_pct,18.57,92.93,Mar 2023
POWERGRID,Power & Utilities,return_on_equity_pct,18.57,92.93,Mar 2023
POWERGRID,Power & Utilities,return_on_equity_pct,17.87,89.67,Mar 2024
POWERGRID,Power & Utilities,return_on_equity_pct,17.87,89.67,Mar 2024
TATAPOWER,Power & Utilities,return_on_equity_pct,1.0,15.22,Mar 2013
TATAPOWER,Power & Utilities,return_on_equity_pct,0.1,13.04,Mar 2014
TATAPOWER,Power & Utilities,return_on_equity_pct,3.19,16.3,Mar 2015
TATAPOWER,Power & Utilities,return_on_equity_pct,6.76,23.91,Mar 2016
TATAPOWER,Power & Utilities,return_on_equity_pct,8.32,30.43,Mar 2017
TATAPOWER,Power & Utilities,return_on_equity_pct,15.92,79.35,Mar 2018
TATAPOWER,Power & Utilities,return_on_equity_pct,14.24,70.65,Mar 2019
TATAPOWER,Power & Utilities,return_on_equity_pct,6.73,22.83,Mar 2020
TATAPOWER,Power & Utilities,return_on_equity_pct,6.45,21.74,Mar 2021
TATAPOWER,Power & Utilities,return_on_equity_pct,9.610000000000001,35.87,Mar 2022
TATAPOWER,Power & Utilities,return_on_equity_pct,13.23,64.67,Mar 2023
TATAPOWER,Power & Utilities,return_on_equity_pct,13.23,64.67,Mar 2024
ADANIGREEN,Power & Utilities,operating_profit_margin_pct,80.0,76.09,Mar 2017
ADANIGREEN,Power & Utilities,operating_profit_margin_pct,57.0,61.41,Mar 2018
ADANIGREEN,Power & Utilities,operating_profit_margin_pct,74.0,71.74,Mar 2019
ADANIGREEN,Power & Utilities,operating_profit_margin_pct,57.0,61.41,Mar 2020
ADANIGREEN,Power & Utilities,operating_profit_margin_pct,72.0,70.65,Mar 2021
ADANIGREEN,Power & Utilities,operating_profit_margin_pct,68.0,69.57,Mar 2022
ADANIGREEN,Power & Utilities,operating_profit_margin_pct,64.0,67.39,Mar 2023
ADANIGREEN,Power & Utilities,operating_profit_margin_pct,79.0,75.0,Mar 2024
ADANIPOWER,Power & Utilities,operating_profit_margin_pct,14.0,4.89,Mar 2013
ADANIPOWER,Power & Utilities,operating_profit_margin_pct,30.0,33.15,Mar 2014
ADANIPOWER,Power & Utilities,operating_profit_margin_pct,25.0,21.2,Mar 2015
ADANIPOWER,Power & Utilities,operating_profit_margin_pct,35.0,41.3,Mar 2016
ADANIPOWER,Power & Utilities,operating_profit_margin_pct,26.0,25.54,Mar 2017
ADANIPOWER,Power & Utilities,operating_profit_margin_pct,27.0,28.8,Mar 2018
ADANIPOWER,Power & Utilities,operating_profit_margin_pct,21.0,13.59,Mar 2019
ADANIPOWER,Power & Utilities,operating_profit_margin_pct,22.0,15.76,Mar 2020
ADANIPOWER,Power & Utilities,operating_profit_margin_pct,33.0,39.13,Mar 2021
ADANIPOWER,Power & Utilities,operating_profit_margin_pct,36.0,43.48,Mar 2022
ADANIPOWER,Power & Utilities,operating_profit_margin_pct,26.0,25.54,Mar 2023
ADANIPOWER,Power & Utilities,operating_profit_margin_pct,36.0,43.48,Mar 2024
JSWENERGY,Power & Utilities,operating_profit_margin_pct,32.0,37.5,Mar 2013
JSWENERGY,Power & Utilities,operating_profit_margin_pct,38.0,45.65,Mar 2014
JSWENERGY,Power & Utilities,operating_profit_margin_pct,39.0,46.74,Mar 2015
JSWENERGY,Power & Utilities,operating_profit_margin_pct,41.0,48.91,Mar 2016
JSWENERGY,Power & Utilities,operating_profit_margin_pct,40.0,47.83,Mar 2017
JSWENERGY,Power & Utilities,operating_profit_margin_pct,34.0,40.22,Mar 2018
JSWENERGY,Power & Utilities,operating_profit_margin_pct,31.0,35.33,Mar 2019
JSWENERGY,Power & Utilities,operating_profit_margin_pct,36.0,43.48,Mar 2020
JSWENERGY,Power & Utilities,operating_profit_margin_pct,42.0,50.0,Mar 2021
JSWENERGY,Power & Utilities,operating_profit_margin_pct,44.0,51.63,Mar 2022
JSWENERGY,Power & Utilities,operating_profit_margin_pct,32.0,37.5,Mar 2023
JSWENERGY,Power & Utilities,operating_profit_margin_pct,47.0,53.26,Mar 2024
NHPC,Power & Utilities,operating_profit_margin_pct,65.0,68.48,Mar 2013
NHPC,Power & Utilities,operating_profit_margin_pct,59.0,65.22,Mar 2014
NHPC,Power & Utilities,operating_profit_margin_pct,62.0,66.3,Mar 2015
NHPC,Power & Utilities,operating_profit_margin_pct,57.0,61.41,Mar 2016
NHPC,Power & Utilities,operating_profit_margin_pct,57.0,61.41,Mar 2017
NHPC,Power & Utilities,operating_profit_margin_pct,55.0,57.61,Mar 2018
NHPC,Power & Utilities,operating_profit_margin_pct,55.0,57.61,Mar 2019
NHPC,Power & Utilities,operating_profit_margin_pct,54.0,55.43,Mar 2020
NHPC,Power & Utilities,operating_profit_margin_pct,55.0,57.61,Mar 2021
NHPC,Power & Utilities,operating_profit_margin_pct,44.0,51.63,Mar 2022
NHPC,Power & Utilities,operating_profit_margin_pct,58.0,64.13,Mar 2023
NHPC,Power & Utilities,operating_profit_margin_pct,50.0,54.35,Mar 2024
NTPC,Power & Utilities,operating_profit_margin_pct,25.0,21.2,Mar 2013
NTPC,Power & Utilities,operating_profit_margin_pct,25.0,21.2,Mar 2014
NTPC,Power & Utilities,operating_profit_margin_pct,22.0,15.76,Mar 2015
NTPC,Power & Utilities,operating_profit_margin_pct,25.0,21.2,Mar 2016
NTPC,Power & Utilities,operating_profit_margin_pct,26.0,25.54,Mar 2017
NTPC,Power & Utilities,operating_profit_margin_pct,26.0,25.54,Mar 2018
NTPC,Power & Utilities,operating_profit_margin_pct,23.0,17.93,Mar 2019
NTPC,Power & Utilities,operating_profit_margin_pct,29.0,30.98,Mar 2020
NTPC,Power & Utilities,operating_profit_margin_pct,31.0,35.33,Mar 2021
NTPC,Power & Utilities,operating_profit_margin_pct,30.0,33.15,Mar 2022
NTPC,Power & Utilities,operating_profit_margin_pct,27.0,28.8,Mar 2023
NTPC,Power & Utilities,operating_profit_margin_pct,29.0,30.98,Mar 2024
POWERGRID,Power & Utilities,operating_profit_margin_pct,83.0,78.8,Mar 2013
POWERGRID,Power & Utilities,operating_profit_margin_pct,83.0,78.8,Mar 2013
POWERGRID,Power & Utilities,operating_profit_margin_pct,83.0,78.8,Mar 2014
POWERGRID,Power & Utilities,operating_profit_margin_pct,83.0,78.8,Mar 2014
POWERGRID,Power & Utilities,operating_profit_margin_pct,85.0,82.07,Mar 2015
POWERGRID,Power & Utilities,operating_profit_margin_pct,85.0,82.07,Mar 2015
POWERGRID,Power & Utilities,operating_profit_margin_pct,88.0,98.37,Mar 2016
POWERGRID,Power & Utilities,operating_profit_margin_pct,88.0,98.37,Mar 2016
POWERGRID,Power & Utilities,operating_profit_margin_pct,87.0,90.76,Mar 2017
POWERGRID,Power & Utilities,operating_profit_margin_pct,87.0,90.76,Mar 2017
POWERGRID,Power & Utilities,operating_profit_margin_pct,87.0,90.76,Mar 2018
POWERGRID,Power & Utilities,operating_profit_margin_pct,87.0,90.76,Mar 2018
POWERGRID,Power & Utilities,operating_profit_margin_pct,77.0,73.37,Mar 2019
POWERGRID,Power & Utilities,operating_profit_margin_pct,77.0,73.37,Mar 2019
POWERGRID,Power & Utilities,operating_profit_margin_pct,87.0,90.76,Mar 2020
POWERGRID,Power & Utilities,operating_profit_margin_pct,87.0,90.76,Mar 2020
POWERGRID,Power & Utilities,operating_profit_margin_pct,88.0,98.37,Mar 2021
POWERGRID,Power & Utilities,operating_profit_margin_pct,88.0,98.37,Mar 2021
POWERGRID,Power & Utilities,operating_profit_margin_pct,86.0,84.24,Mar 2022
POWERGRID,Power & Utilities,operating_profit_margin_pct,86.0,84.24,Mar 2022
POWERGRID,Power & Utilities,operating_profit_margin_pct,87.0,90.76,Mar 2023
POWERGRID,Power & Utilities,operating_profit_margin_pct,87.0,90.76,Mar 2023
POWERGRID,Power & Utilities,operating_profit_margin_pct,87.0,90.76,Mar 2024
POWERGRID,Power & Utilities,operating_profit_margin_pct,87.0,90.76,Mar 2024
TATAPOWER,Power & Utilities,operating_profit_margin_pct,17.0,8.15,Mar 2013
TATAPOWER,Power & Utilities,operating_profit_margin_pct,19.0,10.33,Mar 2014
TATAPOWER,Power & Utilities,operating_profit_margin_pct,19.0,10.33,Mar 2015
TATAPOWER,Power & Utilities,operating_profit_margin_pct,7.0,1.09,Mar 2016
TATAPOWER,Power & Utilities,operating_profit_margin_pct,20.0,11.96,Mar 2017
TATAPOWER,Power & Utilities,operating_profit_margin_pct,9.0,2.17,Mar 2018
TATAPOWER,Power & Utilities,operating_profit_margin_pct,10.0,3.26,Mar 2019
TATAPOWER,Power & Utilities,operating_profit_margin_pct,23.0,17.93,Mar 2020
TATAPOWER,Power & Utilities,operating_profit_margin_pct,21.0,13.59,Mar 2021
TATAPOWER,Power & Utilities,operating_profit_margin_pct,16.0,6.52,Mar 2022
TATAPOWER,Power & Utilities,operating_profit_margin_pct,14.0,4.89,Mar 2023
TATAPOWER,Power & Utilities,operating_profit_margin_pct,17.0,8.15,Mar 2024
ADANIGREEN,Power & Utilities,net_profit_margin_pct,-9.36,5.43,Mar 2017
ADANIGREEN,Power & Utilities,net_profit_margin_pct,-9.32,6.52,Mar 2018
ADANIGREEN,Power & Utilities,net_profit_margin_pct,-23.08,3.26,Mar 2019
ADANIGREEN,Power & Utilities,net_profit_margin_pct,-2.67,10.87,Mar 2020
ADANIGREEN,Power & Utilities,net_profit_margin_pct,5.83,25.0,Mar 2021
ADANIGREEN,Power & Utilities,net_profit_margin_pct,9.53,32.61,Mar 2022
ADANIGREEN,Power & Utilities,net_profit_margin_pct,12.51,42.39,Mar 2023
ADANIGREEN,Power & Utilities,net_profit_margin_pct,13.67,47.83,Mar 2024
ADANIPOWER,Power & Utilities,net_profit_margin_pct,-34.29,1.09,Mar 2013
ADANIPOWER,Power & Utilities,net_profit_margin_pct,-1.9,11.96,Mar 2014
ADANIPOWER,Power & Utilities,net_profit_margin_pct,-4.37,8.7,Mar 2015
ADANIPOWER,Power & Utilities,net_profit_margin_pct,2.17,17.39,Mar 2016
ADANIPOWER,Power & Utilities,net_profit_margin_pct,-27.3,2.17,Mar 2017
ADANIPOWER,Power & Utilities,net_profit_margin_pct,-10.36,4.35,Mar 2018
ADANIPOWER,Power & Utilities,net_profit_margin_pct,-4.12,9.78,Mar 2019
ADANIPOWER,Power & Utilities,net_profit_margin_pct,-8.6,7.61,Mar 2020
ADANIPOWER,Power & Utilities,net_profit_margin_pct,4.84,22.83,Mar 2021
ADANIPOWER,Power & Utilities,net_profit_margin_pct,17.73,57.61,Mar 2022
ADANIPOWER,Power & Utilities,net_profit_margin_pct,27.67,63.04,Mar 2023
ADANIPOWER,Power & Utilities,net_profit_margin_pct,41.37,97.83,Mar 2024
JSWENERGY,Power & Utilities,net_profit_margin_pct,10.16,35.87,Mar 2013
JSWENERGY,Power & Utilities,net_profit_margin_pct,8.790000000000001,31.52,Mar 2014
JSWENERGY,Power & Utilities,net_profit_margin_pct,14.53,51.09,Mar 2015
JSWENERGY,Power & Utilities,net_profit_margin_pct,14.86,54.35,Mar 2016
JSWENERGY,Power & Utilities,net_profit_margin_pct,7.539999999999999,29.35,Mar 2017
JSWENERGY,Power & Utilities,net_profit_margin_pct,1.06,15.22,Mar 2018
JSWENERGY,Power & Utilities,net_profit_margin_pct,7.489999999999999,28.26,Mar 2019
JSWENERGY,Power & Utilities,net_profit_margin_pct,13.07,45.65,Mar 2020
JSWENERGY,Power & Utilities,net_profit_margin_pct,11.89,38.04,Mar 2021
JSWENERGY,Power & Utilities,net_profit_margin_pct,21.34,58.7,Mar 2022
JSWENERGY,Power & Utilities,net_profit_margin_pct,14.32,50.0,Mar 2023
JSWENERGY,Power & Utilities,net_profit_margin_pct,15.02,55.43,Mar 2024
NHPC,Power & Utilities,net_profit_margin_pct,45.02,100.0,Mar 2013
NHPC,Power & Utilities,net_profit_margin_pct,22.1,59.78,Mar 2014
NHPC,Power & Utilities,net_profit_margin_pct,34.03,89.13,Mar 2015
NHPC,Power & Utilities,net_profit_margin_pct,28.31,64.13,Mar 2016
NHPC,Power & Utilities,net_profit_margin_pct,40.36,93.48,Mar 2017
NHPC,Power & Utilities,net_profit_margin_pct,35.91,90.22,Mar 2018
NHPC,Power & Utilities,net_profit_margin_pct,31.57,80.43,Mar 2019
NHPC,Power & Utilities,net_profit_margin_pct,33.42,83.7,Mar 2020
NHPC,Power & Utilities,net_profit_margin_pct,37.31,91.3,Mar 2021
NHPC,Power & Utilities,net_profit_margin_pct,41.27,96.74,Mar 2022
NHPC,Power & Utilities,net_profit_margin_pct,40.17,92.39,Mar 2023
NHPC,Power & Utilities,net_profit_margin_pct,41.82,98.91,Mar 2024
NTPC,Power & Utilities,net_profit_margin_pct,17.6,56.52,Mar 2013
NTPC,Power & Utilities,net_profit_margin_pct,14.56,52.17,Mar 2014
NTPC,Power & Utilities,net_profit_margin_pct,12.5,41.3,Mar 2015
NTPC,Power & Utilities,net_profit_margin_pct,14.69,53.26,Mar 2016
NTPC,Power & Utilities,net_profit_margin_pct,13.06,44.57,Mar 2017
NTPC,Power & Utilities,net_profit_margin_pct,11.92,39.13,Mar 2018
NTPC,Power & Utilities,net_profit_margin_pct,13.99,48.91,Mar 2019
NTPC,Power & Utilities,net_profit_margin_pct,10.87,36.96,Mar 2020
NTPC,Power & Utilities,net_profit_margin_pct,13.42,46.74,Mar 2021
NTPC,Power & Utilities,net_profit_margin_pct,12.78,43.48,Mar 2022
NTPC,Power & Utilities,net_profit_margin_pct,9.719999999999999,33.7,Mar 2023
NTPC,Power & Utilities,net_profit_margin_pct,11.95,40.22,Mar 2024
POWERGRID,Power & Utilities,net_profit_margin_pct,32.97,82.07,Mar 2013
POWERGRID,Power & Utilities,net_profit_margin_pct,32.97,82.07,Mar 2013
POWERGRID,Power & Utilities,net_profit_margin_pct,29.24,74.46,Mar 2014
POWERGRID,Power & Utilities,net_profit_margin_pct,29.24,74.46,Mar 2014
POWERGRID,Power & Utilities,net_profit_margin_pct,28.77,67.93,Mar 2015
POWERGRID,Power & Utilities,net_profit_margin_pct,28.77,67.93,Mar 2015
POWERGRID,Power & Utilities,net_profit_margin_pct,28.85,70.11,Mar 2016
POWERGRID,Power & Utilities,net_profit_margin_pct,28.85,70.11,Mar 2016
POWERGRID,Power & Utilities,net_profit_margin_pct,29.0,72.28,Mar 2017
POWERGRID,Power & Utilities,net_profit_margin_pct,29.0,72.28,Mar 2017
POWERGRID,Power & Utilities,net_profit_margin_pct,27.39,61.41,Mar 2018
POWERGRID,Power & Utilities,net_profit_margin_pct,27.39,61.41,Mar 2018
POWERGRID,Power & Utilities,net_profit_margin_pct,28.62,65.76,Mar 2019
POWERGRID,Power & Utilities,net_profit_margin_pct,28.62,65.76,Mar 2019
POWERGRID,Power & Utilities,net_profit_margin_pct,29.3,76.63,Mar 2020
POWERGRID,Power & Utilities,net_profit_margin_pct,29.3,76.63,Mar 2020
POWERGRID,Power & Utilities,net_profit_margin_pct,30.36,78.8,Mar 2021
POWERGRID,Power & Utilities,net_profit_margin_pct,30.36,78.8,Mar 2021
POWERGRID,Power & Utilities,net_profit_margin_pct,40.42,95.11,Mar 2022
POWERGRID,Power & Utilities,net_profit_margin_pct,40.42,95.11,Mar 2022
POWERGRID,Power & Utilities,net_profit_margin_pct,33.81,85.33,Mar 2023
POWERGRID,Power & Utilities,net_profit_margin_pct,33.81,85.33,Mar 2023
POWERGRID,Power & Utilities,net_profit_margin_pct,33.97,87.5,Mar 2024
POWERGRID,Power & Utilities,net_profit_margin_pct,33.97,87.5,Mar 2024
TATAPOWER,Power & Utilities,net_profit_margin_pct,0.37,14.13,Mar 2013
TATAPOWER,Power & Utilities,net_profit_margin_pct,0.03,13.04,Mar 2014
TATAPOWER,Power & Utilities,net_profit_margin_pct,1.36,16.3,Mar 2015
TATAPOWER,Power & Utilities,net_profit_margin_pct,2.66,18.48,Mar 2016
TATAPOWER,Power & Utilities,net_profit_margin_pct,3.99,19.57,Mar 2017
TATAPOWER,Power & Utilities,net_profit_margin_pct,9.73,34.78,Mar 2018
TATAPOWER,Power & Utilities,net_profit_margin_pct,8.72,30.43,Mar 2019
TATAPOWER,Power & Utilities,net_profit_margin_pct,4.52,21.74,Mar 2020
TATAPOWER,Power & Utilities,net_profit_margin_pct,4.399999999999999,20.65,Mar 2021
TATAPOWER,Power & Utilities,net_profit_margin_pct,5.04,23.91,Mar 2022
TATAPOWER,Power & Utilities,net_profit_margin_pct,6.909999999999999,26.09,Mar 2023
TATAPOWER,Power & Utilities,net_profit_margin_pct,6.97,27.17,Mar 2024
ADANIGREEN,Power & Utilities,debt_to_equity,3.6135,18.48,Mar 2017
ADANIGREEN,Power & Utilities,debt_to_equity,7.3557,8.7,Mar 2018
ADANIGREEN,Power & Utilities,debt_to_equity,5.7641,15.22,Mar 2019
ADANIGREEN,Power & Utilities,debt_to_equity,6.3072,13.04,Mar 2020
ADANIGREEN,Power & Utilities,debt_to_equity,11.0041,3.26,Mar 2021
ADANIGREEN,Power & Utilities,debt_to_equity,20.2112,1.09,Mar 2022
ADANIGREEN,Power & Utilities,debt_to_equity,7.4237,7.61,Mar 2023
ADANIGREEN,Power & Utilities,debt_to_equity,6.5953,11.96,Mar 2024
ADANIPOWER,Power & Utilities,debt_to_equity,9.7356,4.35,Mar 2013
ADANIPOWER,Power & Utilities,debt_to_equity,6.7477,10.87,Mar 2014
ADANIPOWER,Power & Utilities,debt_to_equity,7.8152,6.52,Mar 2015
ADANIPOWER,Power & Utilities,debt_to_equity,7.0607,9.78,Mar 2016
ADANIPOWER,Power & Utilities,debt_to_equity,17.4947,2.17,Mar 2017
ADANIPOWER,Power & Utilities,debt_to_equity,59.4319,0.0,Mar 2018
ADANIPOWER,Power & Utilities,debt_to_equity,6.0918,14.13,Mar 2019
ADANIPOWER,Power & Utilities,debt_to_equity,8.517,5.43,Mar 2020
ADANIPOWER,Power & Utilities,debt_to_equity,4.0051,16.3,Mar 2021
ADANIPOWER,Power & Utilities,debt_to_equity,2.6627,25.0,Mar 2022
ADANIPOWER,Power & Utilities,debt_to_equity,1.4175,67.39,Mar 2023
ADANIPOWER,Power & Utilities,debt_to_equity,0.8023,84.78,Mar 2024
JSWENERGY,Power & Utilities,debt_to_equity,1.6726,54.35,Mar 2013
JSWENERGY,Power & Utilities,debt_to_equity,1.538,61.96,Mar 2014
JSWENERGY,Power & Utilities,debt_to_equity,1.2362,75.0,Mar 2015
JSWENERGY,Power & Utilities,debt_to_equity,1.5315,63.04,Mar 2016
JSWENERGY,Power & Utilities,debt_to_equity,1.3838,70.65,Mar 2017
JSWENERGY,Power & Utilities,debt_to_equity,1.0696,78.26,Mar 2018
JSWENERGY,Power & Utilities,debt_to_equity,0.8928,80.43,Mar 2019
JSWENERGY,Power & Utilities,debt_to_equity,0.8449,82.61,Mar 2020
JSWENERGY,Power & Utilities,debt_to_equity,0.577,97.83,Mar 2021
JSWENERGY,Power & Utilities,debt_to_equity,0.5135,98.91,Mar 2022
JSWENERGY,Power & Utilities,debt_to_equity,1.3447,71.74,Mar 2023
JSWENERGY,Power & Utilities,debt_to_equity,1.5156,65.22,Mar 2024
NHPC,Power & Utilities,debt_to_equity,0.6827,91.3,Mar 2013
NHPC,Power & Utilities,debt_to_equity,0.7371,89.13,Mar 2014
NHPC,Power & Utilities,debt_to_equity,0.6692,92.39,Mar 2015
NHPC,Power & Utilities,debt_to_equity,0.6301,94.57,Mar 2016
NHPC,Power & Utilities,debt_to_equity,0.6627,93.48,Mar 2017
NHPC,Power & Utilities,debt_to_equity,0.6192,95.65,Mar 2018
NHPC,Power & Utilities,debt_to_equity,0.6191,96.74,Mar 2019
NHPC,Power & Utilities,debt_to_equity,0.7401,88.04,Mar 2020
NHPC,Power & Utilities,debt_to_equity,0.7069,90.22,Mar 2021
NHPC,Power & Utilities,debt_to_equity,0.7473,86.96,Mar 2022
NHPC,Power & Utilities,debt_to_equity,0.7992,85.87,Mar 2023
NHPC,Power & Utilities,debt_to_equity,0.8413,83.7,Mar 2024
NTPC,Power & Utilities,debt_to_equity,0.8668,81.52,Mar 2013
NTPC,Power & Utilities,debt_to_equity,0.9327,79.35,Mar 2014
NTPC,Power & Utilities,debt_to_equity,1.2455,73.91,Mar 2015
NTPC,Power & Utilities,debt_to_equity,1.0857,77.17,Mar 2016
NTPC,Power & Utilities,debt_to_equity,1.1629,76.09,Mar 2017
NTPC,Power & Utilities,debt_to_equity,1.2557,72.83,Mar 2018
NTPC,Power & Utilities,debt_to_equity,1.5541,58.7,Mar 2019
NTPC,Power & Utilities,debt_to_equity,1.708,53.26,Mar 2020
NTPC,Power & Utilities,debt_to_equity,1.6718,55.43,Mar 2021
NTPC,Power & Utilities,debt_to_equity,1.5565,57.61,Mar 2022
NTPC,Power & Utilities,debt_to_equity,1.5162,64.13,Mar 2023
NTPC,Power & Utilities,debt_to_equity,1.4755,66.3,Mar 2024
POWERGRID,Power & Utilities,debt_to_equity,2.6222,28.8,Mar 2013
POWERGRID,Power & Utilities,debt_to_equity,2.6222,28.8,Mar 2013
POWERGRID,Power & Utilities,debt_to_equity,2.4272,37.5,Mar 2014
POWERGRID,Power & Utilities,debt_to_equity,2.4272,37.5,Mar 2014
POWERGRID,Power & Utilities,debt_to_equity,2.5038,30.98,Mar 2015
POWERGRID,Power & Utilities,debt_to_equity,2.5038,30.98,Mar 2015
POWERGRID,Power & Utilities,debt_to_equity,2.4686,35.33,Mar 2016
POWERGRID,Power & Utilities,debt_to_equity,2.4686,35.33,Mar 2016
POWERGRID,Power & Utilities,debt_to_equity,2.3862,41.85,Mar 2017
POWERGRID,Power & Utilities,debt_to_equity,2.3862,41.85,Mar 2017
POWERGRID,Power & Utilities,debt_to_equity,2.4162,39.67,Mar 2018
POWERGRID,Power & Utilities,debt_to_equity,2.4162,39.67,Mar 2018
POWERGRID,Power & Utilities,debt_to_equity,2.4772,33.15,Mar 2019
POWERGRID,Power & Utilities,debt_to_equity,2.4772,33.15,Mar 2019
POWERGRID,Power & Utilities,debt_to_equity,2.2918,44.02,Mar 2020
POWERGRID,Power & Utilities,debt_to_equity,2.2918,44.02,Mar 2020
POWERGRID,Power & Utilities,debt_to_equity,2.048,48.37,Mar 2021
POWERGRID,Power & Utilities,debt_to_equity,2.048,48.37,Mar 2021
POWERGRID,Power & Utilities,debt_to_equity,1.7666,51.63,Mar 2022
POWERGRID,Power & Utilities,debt_to_equity,1.7666,51.63,Mar 2022
POWERGRID,Power & Utilities,debt_to_equity,1.5487,60.33,Mar 2023
POWERGRID,Power & Utilities,debt_to_equity,1.5487,60.33,Mar 2023
POWERGRID,Power & Utilities,debt_to_equity,1.4173,69.02,Mar 2024
POWERGRID,Power & Utilities,debt_to_equity,1.4173,69.02,Mar 2024
TATAPOWER,Power & Utilities,debt_to_equity,3.0711,21.74,Mar 2013
TATAPOWER,Power & Utilities,debt_to_equity,3.2395,20.65,Mar 2014
TATAPOWER,Power & Utilities,debt_to_equity,2.8361,23.91,Mar 2015
TATAPOWER,Power & Utilities,debt_to_equity,3.3396,19.57,Mar 2016
TATAPOWER,Power & Utilities,debt_to_equity,3.6942,17.39,Mar 2017
TATAPOWER,Power & Utilities,debt_to_equity,2.9629,22.83,Mar 2018
TATAPOWER,Power & Utilities,debt_to_equity,2.6499,27.17,Mar 2019
TATAPOWER,Power & Utilities,debt_to_equity,2.6544,26.09,Mar 2020
TATAPOWER,Power & Utilities,debt_to_equity,2.0924,46.74,Mar 2021
TATAPOWER,Power & Utilities,debt_to_equity,2.2812,45.65,Mar 2022
TATAPOWER,Power & Utilities,debt_to_equity,1.8384,50.0,Mar 2023
TATAPOWER,Power & Utilities,debt_to_equity,1.6593,56.52,Mar 2024
ADANIGREEN,Power & Utilities,interest_coverage,1.4461,11.96,Mar 2017
ADANIGREEN,Power & Utilities,interest_coverage,1.6033,15.22,Mar 2018
ADANIGREEN,Power & Utilities,interest_coverage,1.4264,10.87,Mar 2019
ADANIGREEN,Power & Utilities,interest_coverage,1.3457,8.7,Mar 2020
ADANIGREEN,Power & Utilities,interest_coverage,1.3477,9.78,Mar 2021
ADANIGREEN,Power & Utilities,interest_coverage,1.5357,13.04,Mar 2022
ADANIGREEN,Power & Utilities,interest_coverage,1.9364,19.57,Mar 2023
ADANIGREEN,Power & Utilities,interest_coverage,1.7139,16.3,Mar 2024
ADANIPOWER,Power & Utilities,interest_coverage,0.69,2.17,Mar 2013
ADANIPOWER,Power & Utilities,interest_coverage,1.1365,4.35,Mar 2014
ADANIPOWER,Power & Utilities,interest_coverage,1.206,6.52,Mar 2015
ADANIPOWER,Power & Utilities,interest_coverage,1.5469,14.13,Mar 2016
ADANIPOWER,Power & Utilities,interest_coverage,0.3921,1.09,Mar 2017
ADANIPOWER,Power & Utilities,interest_coverage,1.1113,3.26,Mar 2018
ADANIPOWER,Power & Utilities,interest_coverage,1.3136,7.61,Mar 2019
ADANIPOWER,Power & Utilities,interest_coverage,1.1396,5.43,Mar 2020
ADANIPOWER,Power & Utilities,interest_coverage,2.0754,23.91,Mar 2021
ADANIPOWER,Power & Utilities,interest_coverage,3.3673,44.57,Mar 2022
ADANIPOWER,Power & Utilities,interest_coverage,4.2927,63.04,Mar 2023
ADANIPOWER,Power & Utilities,interest_coverage,8.2972,93.48,Mar 2024
JSWENERGY,Power & Utilities,interest_coverage,2.918,36.96,Mar 2013
JSWENERGY,Power & Utilities,interest_coverage,2.5506,32.61,Mar 2014
JSWENERGY,Power & Utilities,interest_coverage,3.3597,43.48,Mar 2015
JSWENERGY,Power & Utilities,interest_coverage,2.9166,35.87,Mar 2016
JSWENERGY,Power & Utilities,interest_coverage,2.1039,26.09,Mar 2017
JSWENERGY,Power & Utilities,interest_coverage,1.8956,17.39,Mar 2018
JSWENERGY,Power & Utilities,interest_coverage,2.729,33.7,Mar 2019
JSWENERGY,Power & Utilities,interest_coverage,3.1713,40.22,Mar 2020
JSWENERGY,Power & Utilities,interest_coverage,3.5279,45.65,Mar 2021
JSWENERGY,Power & Utilities,interest_coverage,5.3372,82.61,Mar 2022
JSWENERGY,Power & Utilities,interest_coverage,4.6872,75.0,Mar 2023
JSWENERGY,Power & Utilities,interest_coverage,2.8514,34.78,Mar 2024
NHPC,Power & Utilities,interest_coverage,9.4059,96.74,Mar 2013
NHPC,Power & Utilities,interest_coverage,4.3483,64.13,Mar 2014
NHPC,Power & Utilities,interest_coverage,5.1937,81.52,Mar 2015
NHPC,Power & Utilities,interest_coverage,5.1353,80.43,Mar 2016
NHPC,Power & Utilities,interest_coverage,6.2921,88.04,Mar 2017
NHPC,Power & Utilities,interest_coverage,5.8799,85.87,Mar 2018
NHPC,Power & Utilities,interest_coverage,7.4933,92.39,Mar 2019
NHPC,Power & Utilities,interest_coverage,6.5644,90.22,Mar 2020
NHPC,Power & Utilities,interest_coverage,11.0295,97.83,Mar 2021
NHPC,Power & Utilities,interest_coverage,8.5222,94.57,Mar 2022
NHPC,Power & Utilities,interest_coverage,14.5832,100.0,Mar 2023
NHPC,Power & Utilities,interest_coverage,11.2434,98.91,Mar 2024
NTPC,Power & Utilities,interest_coverage,9.2035,95.65,Mar 2013
NTPC,Power & Utilities,interest_coverage,6.9013,91.3,Mar 2014
NTPC,Power & Utilities,interest_coverage,5.3666,83.7,Mar 2015
NTPC,Power & Utilities,interest_coverage,5.8693,84.78,Mar 2016
NTPC,Power & Utilities,interest_coverage,6.1791,86.96,Mar 2017
NTPC,Power & Utilities,interest_coverage,6.3101,89.13,Mar 2018
NTPC,Power & Utilities,interest_coverage,4.5545,70.65,Mar 2019
NTPC,Power & Utilities,interest_coverage,4.8596,77.17,Mar 2020
NTPC,Power & Utilities,interest_coverage,4.2351,61.96,Mar 2021
NTPC,Power & Utilities,interest_coverage,4.8177,76.09,Mar 2022
NTPC,Power & Utilities,interest_coverage,4.3817,65.22,Mar 2023
NTPC,Power & Utilities,interest_coverage,4.605,73.91,Mar 2024
POWERGRID,Power & Utilities,interest_coverage,4.5414,69.02,Mar 2013
POWERGRID,Power & Utilities,interest_coverage,4.5414,69.02,Mar 2013
POWERGRID,Power & Utilities,interest_coverage,4.2077,58.15,Mar 2014
POWERGRID,Power & Utilities,interest_coverage,4.2077,58.15,Mar 2014
POWERGRID,Power & Utilities,interest_coverage,3.8368,53.8,Mar 2015
POWERGRID,Power & Utilities,interest_coverage,3.8368,53.8,Mar 2015
POWERGRID,Power & Utilities,interest_coverage,3.7043,47.28,Mar 2016
POWERGRID,Power & Utilities,interest_coverage,3.7043,47.28,Mar 2016
POWERGRID,Power & Utilities,interest_coverage,3.769,51.63,Mar 2017
POWERGRID,Power & Utilities,interest_coverage,3.769,51.63,Mar 2017
POWERGRID,Power & Utilities,interest_coverage,4.0997,55.98,Mar 2018
POWERGRID,Power & Utilities,interest_coverage,4.0997,55.98,Mar 2018
POWERGRID,Power & Utilities,interest_coverage,3.2534,41.85,Mar 2019
POWERGRID,Power & Utilities,interest_coverage,3.2534,41.85,Mar 2019
POWERGRID,Power & Utilities,interest_coverage,3.755,49.46,Mar 2020
POWERGRID,Power & Utilities,interest_coverage,3.755,49.46,Mar 2020
POWERGRID,Power & Utilities,interest_coverage,4.3854,66.85,Mar 2021
POWERGRID,Power & Utilities,interest_coverage,4.3854,66.85,Mar 2021
POWERGRID,Power & Utilities,interest_coverage,5.0421,78.8,Mar 2022
POWERGRID,Power & Utilities,interest_coverage,5.0421,78.8,Mar 2022
POWERGRID,Power & Utilities,interest_coverage,4.2214,60.33,Mar 2023
POWERGRID,Power & Utilities,interest_coverage,4.2214,60.33,Mar 2023
POWERGRID,Power & Utilities,interest_coverage,4.603,72.28,Mar 2024
POWERGRID,Power & Utilities,interest_coverage,4.603,72.28,Mar 2024
TATAPOWER,Power & Utilities,interest_coverage,2.2597,28.26,Mar 2013
TATAPOWER,Power & Utilities,interest_coverage,2.077,25.0,Mar 2014
TATAPOWER,Power & Utilities,interest_coverage,1.9889,20.65,Mar 2015
TATAPOWER,Power & Utilities,interest_coverage,1.9051,18.48,Mar 2016
TATAPOWER,Power & Utilities,interest_coverage,2.0119,21.74,Mar 2017
TATAPOWER,Power & Utilities,interest_coverage,2.3613,29.35,Mar 2018
TATAPOWER,Power & Utilities,interest_coverage,2.4595,30.43,Mar 2019
TATAPOWER,Power & Utilities,interest_coverage,2.0216,22.83,Mar 2020
TATAPOWER,Power & Utilities,interest_coverage,2.1686,27.17,Mar 2021
TATAPOWER,Power & Utilities,interest_coverage,2.4662,31.52,Mar 2022
TATAPOWER,Power & Utilities,interest_coverage,3.0348,38.04,Mar 2023
TATAPOWER,Power & Utilities,interest_coverage,3.0544,39.13,Mar 2024
ADANIGREEN,Power & Utilities,asset_turnover,0.0815,1.09,Mar 2017
ADANIGREEN,Power & Utilities,asset_turnover,0.0942,3.26,Mar 2018
ADANIGREEN,Power & Utilities,asset_turnover,0.1404,34.24,Mar 2019
ADANIGREEN,Power & Utilities,asset_turnover,0.1384,32.61,Mar 2020
ADANIGREEN,Power & Utilities,asset_turnover,0.1089,7.61,Mar 2021
ADANIGREEN,Power & Utilities,asset_turnover,0.0871,2.17,Mar 2022
ADANIGREEN,Power & Utilities,asset_turnover,0.1162,17.39,Mar 2023
ADANIGREEN,Power & Utilities,asset_turnover,0.1047,6.52,Mar 2024
ADANIPOWER,Power & Utilities,asset_turnover,0.1224,20.65,Mar 2013
ADANIPOWER,Power & Utilities,asset_turnover,0.261,52.17,Mar 2014
ADANIPOWER,Power & Utilities,asset_turnover,0.3195,65.22,Mar 2015
ADANIPOWER,Power & Utilities,asset_turnover,0.3348,75.0,Mar 2016
ADANIPOWER,Power & Utilities,asset_turnover,0.3163,63.04,Mar 2017
ADANIPOWER,Power & Utilities,asset_turnover,0.292,59.78,Mar 2018
ADANIPOWER,Power & Utilities,asset_turnover,0.3513,78.26,Mar 2019
ADANIPOWER,Power & Utilities,asset_turnover,0.3528,80.43,Mar 2020
ADANIPOWER,Power & Utilities,asset_turnover,0.3327,72.83,Mar 2021
ADANIPOWER,Power & Utilities,asset_turnover,0.338,76.09,Mar 2022
ADANIPOWER,Power & Utilities,asset_turnover,0.4518,95.65,Mar 2023
ADANIPOWER,Power & Utilities,asset_turnover,0.5472,100.0,Mar 2024
JSWENERGY,Power & Utilities,asset_turnover,0.4353,91.3,Mar 2013
JSWENERGY,Power & Utilities,asset_turnover,0.4494,94.57,Mar 2014
JSWENERGY,Power & Utilities,asset_turnover,0.4813,96.74,Mar 2015
JSWENERGY,Power & Utilities,asset_turnover,0.3442,77.17,Mar 2016
JSWENERGY,Power & Utilities,asset_turnover,0.2911,58.7,Mar 2017
JSWENERGY,Power & Utilities,asset_turnover,0.3012,60.87,Mar 2018
JSWENERGY,Power & Utilities,asset_turnover,0.3525,79.35,Mar 2019
JSWENERGY,Power & Utilities,asset_turnover,0.3318,71.74,Mar 2020
JSWENERGY,Power & Utilities,asset_turnover,0.2641,53.26,Mar 2021
JSWENERGY,Power & Utilities,asset_turnover,0.2676,54.35,Mar 2022
JSWENERGY,Power & Utilities,asset_turnover,0.2134,51.09,Mar 2023
JSWENERGY,Power & Utilities,asset_turnover,0.1988,50.0,Mar 2024
NHPC,Power & Utilities,asset_turnover,0.1023,4.35,Mar 2013
NHPC,Power & Utilities,asset_turnover,0.1203,19.57,Mar 2014
NHPC,Power & Utilities,asset_turnover,0.1338,30.43,Mar 2015
NHPC,Power & Utilities,asset_turnover,0.133,29.35,Mar 2016
NHPC,Power & Utilities,asset_turnover,0.1433,38.04,Mar 2017
NHPC,Power & Utilities,asset_turnover,0.1232,22.83,Mar 2018
NHPC,Power & Utilities,asset_turnover,0.1346,31.52,Mar 2019
NHPC,Power & Utilities,asset_turnover,0.1404,34.24,Mar 2020
NHPC,Power & Utilities,asset_turnover,0.1319,26.09,Mar 2021
NHPC,Power & Utilities,asset_turnover,0.1183,18.48,Mar 2022
NHPC,Power & Utilities,asset_turnover,0.123,21.74,Mar 2023
NHPC,Power & Utilities,asset_turnover,0.1032,5.43,Mar 2024
NTPC,Power & Utilities,asset_turnover,0.4,88.04,Mar 2013
NTPC,Power & Utilities,asset_turnover,0.3914,85.87,Mar 2014
NTPC,Power & Utilities,asset_turnover,0.3639,82.61,Mar 2015
NTPC,Power & Utilities,asset_turnover,0.3267,67.39,Mar 2016
NTPC,Power & Utilities,asset_turnover,0.33,69.57,Mar 2017
NTPC,Power & Utilities,asset_turnover,0.3118,61.96,Mar 2018
NTPC,Power & Utilities,asset_turnover,0.2891,56.52,Mar 2019
NTPC,Power & Utilities,asset_turnover,0.2899,57.61,Mar 2020
NTPC,Power & Utilities,asset_turnover,0.2802,55.43,Mar 2021
NTPC,Power & Utilities,asset_turnover,0.319,64.13,Mar 2022
NTPC,Power & Utilities,asset_turnover,0.394,86.96,Mar 2023
NTPC,Power & Utilities,asset_turnover,0.3724,83.7,Mar 2024
POWERGRID,Power & Utilities,asset_turnover,0.1154,15.76,Mar 2013
POWERGRID,Power & Utilities,asset_turnover,0.1154,15.76,Mar 2013
POWERGRID,Power & Utilities,asset_turnover,0.1099,11.41,Mar 2014
POWERGRID,Power & Utilities,asset_turnover,0.1099,11.41,Mar 2014
POWERGRID,Power & Utilities,asset_turnover,0.1091,9.24,Mar 2015
POWERGRID,Power & Utilities,asset_turnover,0.1091,9.24,Mar 2015
POWERGRID,Power & Utilities,asset_turnover,0.1152,13.59,Mar 2016
POWERGRID,Power & Utilities,asset_turnover,0.1152,13.59,Mar 2016
POWERGRID,Power & Utilities,asset_turnover,0.1313,24.46,Mar 2017
POWERGRID,Power & Utilities,asset_turnover,0.1313,24.46,Mar 2017
POWERGRID,Power & Utilities,asset_turnover,0.1329,27.72,Mar 2018
POWERGRID,Power & Utilities,asset_turnover,0.1329,27.72,Mar 2018
POWERGRID,Power & Utilities,asset_turnover,0.1417,36.41,Mar 2019
POWERGRID,Power & Utilities,asset_turnover,0.1417,36.41,Mar 2019
POWERGRID,Power & Utilities,asset_turnover,0.1471,39.67,Mar 2020
POWERGRID,Power & Utilities,asset_turnover,0.1471,39.67,Mar 2020
POWERGRID,Power & Utilities,asset_turnover,0.155,41.85,Mar 2021
POWERGRID,Power & Utilities,asset_turnover,0.155,41.85,Mar 2021
POWERGRID,Power & Utilities,asset_turnover,0.1659,44.02,Mar 2022
POWERGRID,Power & Utilities,asset_turnover,0.1659,44.02,Mar 2022
POWERGRID,Power & Utilities,asset_turnover,0.1808,46.2,Mar 2023
POWERGRID,Power & Utilities,asset_turnover,0.1808,46.2,Mar 2023
POWERGRID,Power & Utilities,asset_turnover,0.1828,48.37,Mar 2024
POWERGRID,Power & Utilities,asset_turnover,0.1828,48.37,Mar 2024
TATAPOWER,Power & Utilities,asset_turnover,0.4933,97.83,Mar 2013
TATAPOWER,Power & Utilities,asset_turnover,0.5005,98.91,Mar 2014
TATAPOWER,Power & Utilities,asset_turnover,0.4468,93.48,Mar 2015
TATAPOWER,Power & Utilities,asset_turnover,0.421,89.13,Mar 2016
TATAPOWER,Power & Utilities,asset_turnover,0.3331,73.91,Mar 2017
TATAPOWER,Power & Utilities,asset_turnover,0.3277,68.48,Mar 2018
TATAPOWER,Power & Utilities,asset_turnover,0.3554,81.52,Mar 2019
TATAPOWER,Power & Utilities,asset_turnover,0.3249,66.3,Mar 2020
TATAPOWER,Power & Utilities,asset_turnover,0.3315,70.65,Mar 2021
TATAPOWER,Power & Utilities,asset_turnover,0.3804,84.78,Mar 2022
TATAPOWER,Power & Utilities,asset_turnover,0.4302,90.22,Mar 2023
TATAPOWER,Power & Utilities,asset_turnover,0.4419,92.39,Mar 2024
BAJAJ-AUTO,Automobiles,return_on_equity_pct,38.85,99.47,Mar 2013
BAJAJ-AUTO,Automobiles,return_on_equity_pct,38.85,99.47,Mar 2013
BAJAJ-AUTO,Automobiles,return_on_equity_pct,33.23999999999999,91.05,Mar 2014
BAJAJ-AUTO,Automobiles,return_on_equity_pct,33.23999999999999,91.05,Mar 2014
BAJAJ-AUTO,Automobiles,return_on_equity_pct,27.27,82.63,Mar 2015
BAJAJ-AUTO,Automobiles,return_on_equity_pct,27.27,82.63,Mar 2015
BAJAJ-AUTO,Automobiles,return_on_equity_pct,28.97,86.84,Mar 2016
BAJAJ-AUTO,Automobiles,return_on_equity_pct,28.97,86.84,Mar 2016
BAJAJ-AUTO,Automobiles,return_on_equity_pct,22.84,61.58,Mar 2017
BAJAJ-AUTO,Automobiles,return_on_equity_pct,22.84,61.58,Mar 2017
BAJAJ-AUTO,Automobiles,return_on_equity_pct,20.66,50.0,Mar 2018
BAJAJ-AUTO,Automobiles,return_on_equity_pct,20.66,50.0,Mar 2018
BAJAJ-AUTO,Automobiles,return_on_equity_pct,21.21,54.21,Mar 2019
BAJAJ-AUTO,Automobiles,return_on_equity_pct,21.21,54.21,Mar 2019
BAJAJ-AUTO,Automobiles,return_on_equity_pct,24.06,67.89,Mar 2020
BAJAJ-AUTO,Automobiles,return_on_equity_pct,24.06,67.89,Mar 2020
BAJAJ-AUTO,Automobiles,return_on_equity_pct,17.81,34.21,Mar 2021
BAJAJ-AUTO,Automobiles,return_on_equity_pct,17.81,34.21,Mar 2021
BAJAJ-AUTO,Automobiles,return_on_equity_pct,20.65,47.89,Mar 2022
BAJAJ-AUTO,Automobiles,return_on_equity_pct,20.65,47.89,Mar 2022
BAJAJ-AUTO,Automobiles,return_on_equity_pct,20.64,45.79,Mar 2023
BAJAJ-AUTO,Automobiles,return_on_equity_pct,20.64,45.79,Mar 2023
BAJAJ-AUTO,Automobiles,return_on_equity_pct,26.61,79.47,Mar 2024
BAJAJ-AUTO,Automobiles,return_on_equity_pct,26.61,79.47,Mar 2024
EICHERMOT,Automobiles,return_on_equity_pct,27.07,81.05,Dec 2012
EICHERMOT,Automobiles,return_on_equity_pct,25.55,74.74,Dec 2013
EICHERMOT,Automobiles,return_on_equity_pct,27.9,85.26,Dec 2014
EICHERMOT,Automobiles,return_on_equity_pct,36.63,95.79,Mar 2016
EICHERMOT,Automobiles,return_on_equity_pct,31.19,89.47,Mar 2017
EICHERMOT,Automobiles,return_on_equity_pct,27.88,84.21,Mar 2018
EICHERMOT,Automobiles,return_on_equity_pct,24.7,69.47,Mar 2019
EICHERMOT,Automobiles,return_on_equity_pct,18.3,36.84,Mar 2020
EICHERMOT,Automobiles,return_on_equity_pct,11.78,13.68,Mar 2021
EICHERMOT,Automobiles,return_on_equity_pct,13.3,18.95,Mar 2022
EICHERMOT,Automobiles,return_on_equity_pct,19.44,41.05,Mar 2023
EICHERMOT,Automobiles,return_on_equity_pct,22.17,60.0,Mar 2024
HEROMOTOCO,Automobiles,return_on_equity_pct,37.38,96.84,Mar 2014
HEROMOTOCO,Automobiles,return_on_equity_pct,36.15,94.74,Mar 2015
HEROMOTOCO,Automobiles,return_on_equity_pct,35.23,93.68,Mar 2016
HEROMOTOCO,Automobiles,return_on_equity_pct,34.37,92.63,Mar 2017
HEROMOTOCO,Automobiles,return_on_equity_pct,31.09,88.42,Mar 2018
HEROMOTOCO,Automobiles,return_on_equity_pct,26.42,76.84,Mar 2019
HEROMOTOCO,Automobiles,return_on_equity_pct,25.4,73.68,Mar 2020
HEROMOTOCO,Automobiles,return_on_equity_pct,19.05,40.0,Mar 2021
HEROMOTOCO,Automobiles,return_on_equity_pct,14.7,22.11,Mar 2022
HEROMOTOCO,Automobiles,return_on_equity_pct,16.81,32.63,Mar 2023
HEROMOTOCO,Automobiles,return_on_equity_pct,21.14,52.63,Mar 2024
M&M,Automobiles,return_on_equity_pct,20.69,51.58,Mar 2013
M&M,Automobiles,return_on_equity_pct,22.11,58.95,Mar 2014
M&M,Automobiles,return_on_equity_pct,13.08,16.84,Mar 2015
M&M,Automobiles,return_on_equity_pct,13.42,20.0,Mar 2016
M&M,Automobiles,return_on_equity_pct,13.6,21.05,Mar 2017
M&M,Automobiles,return_on_equity_pct,21.64,56.84,Mar 2018
M&M,Automobiles,return_on_equity_pct,15.05,24.21,Mar 2019
M&M,Automobiles,return_on_equity_pct,-0.8,5.26,Mar 2020
M&M,Automobiles,return_on_equity_pct,3.64,6.32,Mar 2021
M&M,Automobiles,return_on_equity_pct,15.39,25.26,Mar 2022
M&M,Automobiles,return_on_equity_pct,20.18,43.16,Mar 2023
M&M,Automobiles,return_on_equity_pct,18.54,38.95,Mar 2024
MARUTI,Automobiles,return_on_equity_pct,12.98,14.74,Mar 2013
MARUTI,Automobiles,return_on_equity_pct,13.28,17.89,Mar 2014
MARUTI,Automobiles,return_on_equity_pct,15.66,26.32,Mar 2015
MARUTI,Automobiles,return_on_equity_pct,17.95,35.79,Mar 2016
MARUTI,Automobiles,return_on_equity_pct,20.26,44.21,Mar 2017
MARUTI,Automobiles,return_on_equity_pct,18.52,37.89,Mar 2018
MARUTI,Automobiles,return_on_equity_pct,16.25,30.53,Mar 2019
MARUTI,Automobiles,return_on_equity_pct,11.49,12.63,Mar 2020
MARUTI,Automobiles,return_on_equity_pct,8.36,9.47,Mar 2021
MARUTI,Automobiles,return_on_equity_pct,7.01,8.42,Mar 2022
MARUTI,Automobiles,return_on_equity_pct,11.08,11.58,Mar 2023
MARUTI,Automobiles,return_on_equity_pct,15.75,27.37,Mar 2024
TATAMOTORS,Automobiles,return_on_equity_pct,26.51,77.89,Mar 2013
TATAMOTORS,Automobiles,return_on_equity_pct,21.42,55.79,Mar 2014
TATAMOTORS,Automobiles,return_on_equity_pct,25.01,72.63,Mar 2015
TATAMOTORS,Automobiles,return_on_equity_pct,14.79,23.16,Mar 2016
TATAMOTORS,Automobiles,return_on_equity_pct,13.02,15.79,Mar 2017
TATAMOTORS,Automobiles,return_on_equity_pct,9.53,10.53,Mar 2018
TATAMOTORS,Automobiles,return_on_equity_pct,-47.73,1.05,Mar 2019
TATAMOTORS,Automobiles,return_on_equity_pct,-18.98,4.21,Mar 2020
TATAMOTORS,Automobiles,return_on_equity_pct,-24.25,3.16,Mar 2021
TATAMOTORS,Automobiles,return_on_equity_pct,-25.38,2.11,Mar 2022
TATAMOTORS,Automobiles,return_on_equity_pct,5.94,7.37,Mar 2023
TATAMOTORS,Automobiles,return_on_equity_pct,37.46,97.89,Mar 2024
TVSMOTOR,Automobiles,return_on_equity_pct,22.02,57.89,Mar 2013
TVSMOTOR,Automobiles,return_on_equity_pct,16.11,29.47,Mar 2014
TVSMOTOR,Automobiles,return_on_equity_pct,24.75,70.53,Mar 2015
TVSMOTOR,Automobiles,return_on_equity_pct,23.58,65.26,Mar 2016
TVSMOTOR,Automobiles,return_on_equity_pct,22.96,64.21,Mar 2017
TVSMOTOR,Automobiles,return_on_equity_pct,24.83,71.58,Mar 2018
TVSMOTOR,Automobiles,return_on_equity_pct,22.86,63.16,Mar 2019
TVSMOTOR,Automobiles,return_on_equity_pct,19.71,42.11,Mar 2020
TVSMOTOR,Automobiles,return_on_equity_pct,15.89,28.42,Mar 2021
TVSMOTOR,Automobiles,return_on_equity_pct,16.61,31.58,Mar 2022
TVSMOTOR,Automobiles,return_on_equity_pct,23.78,66.32,Mar 2023
TVSMOTOR,Automobiles,return_on_equity_pct,26.22,75.79,Mar 2024
BAJAJ-AUTO,Automobiles,operating_profit_margin_pct,18.0,63.16,Mar 2013
BAJAJ-AUTO,Automobiles,operating_profit_margin_pct,18.0,63.16,Mar 2013
BAJAJ-AUTO,Automobiles,operating_profit_margin_pct,21.0,78.95,Mar 2014
BAJAJ-AUTO,Automobiles,operating_profit_margin_pct,21.0,78.95,Mar 2014
BAJAJ-AUTO,Automobiles,operating_profit_margin_pct,19.0,68.95,Mar 2015
BAJAJ-AUTO,Automobiles,operating_profit_margin_pct,19.0,68.95,Mar 2015
BAJAJ-AUTO,Automobiles,operating_profit_margin_pct,21.0,78.95,Mar 2016
BAJAJ-AUTO,Automobiles,operating_profit_margin_pct,21.0,78.95,Mar 2016
BAJAJ-AUTO,Automobiles,operating_profit_margin_pct,20.0,73.68,Mar 2017
BAJAJ-AUTO,Automobiles,operating_profit_margin_pct,20.0,73.68,Mar 2017
BAJAJ-AUTO,Automobiles,operating_profit_margin_pct,19.0,68.95,Mar 2018
BAJAJ-AUTO,Automobiles,operating_profit_margin_pct,19.0,68.95,Mar 2018
BAJAJ-AUTO,Automobiles,operating_profit_margin_pct,17.0,56.84,Mar 2019
BAJAJ-AUTO,Automobiles,operating_profit_margin_pct,17.0,56.84,Mar 2019
BAJAJ-AUTO,Automobiles,operating_profit_margin_pct,17.0,56.84,Mar 2020
BAJAJ-AUTO,Automobiles,operating_profit_margin_pct,17.0,56.84,Mar 2020
BAJAJ-AUTO,Automobiles,operating_profit_margin_pct,18.0,63.16,Mar 2021
BAJAJ-AUTO,Automobiles,operating_profit_margin_pct,18.0,63.16,Mar 2021
BAJAJ-AUTO,Automobiles,operating_profit_margin_pct,16.0,52.11,Mar 2022
BAJAJ-AUTO,Automobiles,operating_profit_margin_pct,16.0,52.11,Mar 2022
BAJAJ-AUTO,Automobiles,operating_profit_margin_pct,18.0,63.16,Mar 2023
BAJAJ-AUTO,Automobiles,operating_profit_margin_pct,18.0,63.16,Mar 2023
BAJAJ-AUTO,Automobiles,operating_profit_margin_pct,20.0,73.68,Mar 2024
BAJAJ-AUTO,Automobiles,operating_profit_margin_pct,20.0,73.68,Mar 2024
EICHERMOT,Automobiles,operating_profit_margin_pct,9.0,11.58,Dec 2012
EICHERMOT,Automobiles,operating_profit_margin_pct,11.0,20.0,Dec 2013
EICHERMOT,Automobiles,operating_profit_margin_pct,13.0,32.11,Dec 2014
EICHERMOT,Automobiles,operating_profit_margin_pct,27.0,85.26,Mar 2016
EICHERMOT,Automobiles,operating_profit_margin_pct,31.0,87.89,Mar 2017
EICHERMOT,Automobiles,operating_profit_margin_pct,31.0,87.89,Mar 2018
EICHERMOT,Automobiles,operating_profit_margin_pct,30.0,86.32,Mar 2019
EICHERMOT,Automobiles,operating_profit_margin_pct,24.0,82.63,Mar 2020
EICHERMOT,Automobiles,operating_profit_margin_pct,20.0,73.68,Mar 2021
EICHERMOT,Automobiles,operating_profit_margin_pct,21.0,78.95,Mar 2022
EICHERMOT,Automobiles,operating_profit_margin_pct,24.0,82.63,Mar 2023
EICHERMOT,Automobiles,operating_profit_margin_pct,26.0,84.21,Mar 2024
HEROMOTOCO,Automobiles,operating_profit_margin_pct,3553.0,91.58,Mar 2014
HEROMOTOCO,Automobiles,operating_profit_margin_pct,3520.0,90.53,Mar 2015
HEROMOTOCO,Automobiles,operating_profit_margin_pct,4424.0,95.79,Mar 2016
HEROMOTOCO,Automobiles,operating_profit_margin_pct,4585.0,96.84,Mar 2017
HEROMOTOCO,Automobiles,operating_profit_margin_pct,5334.0,100.0,Mar 2018
HEROMOTOCO,Automobiles,operating_profit_margin_pct,5025.0,97.89,Mar 2019
HEROMOTOCO,Automobiles,operating_profit_margin_pct,4070.0,93.68,Mar 2020
HEROMOTOCO,Automobiles,operating_profit_margin_pct,4058.0,92.63,Mar 2021
HEROMOTOCO,Automobiles,operating_profit_margin_pct,3256.0,89.47,Mar 2022
HEROMOTOCO,Automobiles,operating_profit_margin_pct,4099.0,94.74,Mar 2023
HEROMOTOCO,Automobiles,operating_profit_margin_pct,5235.0,98.95,Mar 2024
M&M,Automobiles,operating_profit_margin_pct,13.0,32.11,Mar 2013
M&M,Automobiles,operating_profit_margin_pct,14.0,40.53,Mar 2014
M&M,Automobiles,operating_profit_margin_pct,12.0,25.26,Mar 2015
M&M,Automobiles,operating_profit_margin_pct,13.0,32.11,Mar 2016
M&M,Automobiles,operating_profit_margin_pct,13.0,32.11,Mar 2017
M&M,Automobiles,operating_profit_margin_pct,14.0,40.53,Mar 2018
M&M,Automobiles,operating_profit_margin_pct,15.0,46.84,Mar 2019
M&M,Automobiles,operating_profit_margin_pct,13.0,32.11,Mar 2020
M&M,Automobiles,operating_profit_margin_pct,15.0,46.84,Mar 2021
M&M,Automobiles,operating_profit_margin_pct,16.0,52.11,Mar 2022
M&M,Automobiles,operating_profit_margin_pct,17.0,56.84,Mar 2023
M&M,Automobiles,operating_profit_margin_pct,18.0,63.16,Mar 2024
MARUTI,Automobiles,operating_profit_margin_pct,10.0,14.74,Mar 2013
MARUTI,Automobiles,operating_profit_margin_pct,12.0,25.26,Mar 2014
MARUTI,Automobiles,operating_profit_margin_pct,14.0,40.53,Mar 2015
MARUTI,Automobiles,operating_profit_margin_pct,16.0,52.11,Mar 2016
MARUTI,Automobiles,operating_profit_margin_pct,15.0,46.84,Mar 2017
MARUTI,Automobiles,operating_profit_margin_pct,15.0,46.84,Mar 2018
MARUTI,Automobiles,operating_profit_margin_pct,13.0,32.11,Mar 2019
MARUTI,Automobiles,operating_profit_margin_pct,10.0,14.74,Mar 2020
MARUTI,Automobiles,operating_profit_margin_pct,8.0,8.95,Mar 2021
MARUTI,Automobiles,operating_profit_margin_pct,7.0,5.79,Mar 2022
MARUTI,Automobiles,operating_profit_margin_pct,11.0,20.0,Mar 2023
MARUTI,Automobiles,operating_profit_margin_pct,13.0,32.11,Mar 2024
TATAMOTORS,Automobiles,operating_profit_margin_pct,13.0,32.11,Mar 2013
TATAMOTORS,Automobiles,operating_profit_margin_pct,15.0,46.84,Mar 2014
TATAMOTORS,Automobiles,operating_profit_margin_pct,15.0,46.84,Mar 2015
TATAMOTORS,Automobiles,operating_profit_margin_pct,14.0,40.53,Mar 2016
TATAMOTORS,Automobiles,operating_profit_margin_pct,11.0,20.0,Mar 2017
TATAMOTORS,Automobiles,operating_profit_margin_pct,11.0,20.0,Mar 2018
TATAMOTORS,Automobiles,operating_profit_margin_pct,8.0,8.95,Mar 2019
TATAMOTORS,Automobiles,operating_profit_margin_pct,7.0,5.79,Mar 2020
TATAMOTORS,Automobiles,operating_profit_margin_pct,13.0,32.11,Mar 2021
TATAMOTORS,Automobiles,operating_profit_margin_pct,9.0,11.58,Mar 2022
TATAMOTORS,Automobiles,operating_profit_margin_pct,9.0,11.58,Mar 2023
TATAMOTORS,Automobiles,operating_profit_margin_pct,14.0,40.53,Mar 2024
TVSMOTOR,Automobiles,operating_profit_margin_pct,6.0,2.11,Mar 2013
TVSMOTOR,Automobiles,operating_profit_margin_pct,6.0,2.11,Mar 2014
TVSMOTOR,Automobiles,operating_profit_margin_pct,6.0,2.11,Mar 2015
TVSMOTOR,Automobiles,operating_profit_margin_pct,7.0,5.79,Mar 2016
TVSMOTOR,Automobiles,operating_profit_margin_pct,7.0,5.79,Mar 2017
TVSMOTOR,Automobiles,operating_profit_margin_pct,10.0,14.74,Mar 2018
TVSMOTOR,Automobiles,operating_profit_margin_pct,11.0,20.0,Mar 2019
TVSMOTOR,Automobiles,operating_profit_margin_pct,12.0,25.26,Mar 2020
TVSMOTOR,Automobiles,operating_profit_margin_pct,11.0,20.0,Mar 2021
TVSMOTOR,Automobiles,operating_profit_margin_pct,11.0,20.0,Mar 2022
TVSMOTOR,Automobiles,operating_profit_margin_pct,13.0,32.11,Mar 2023
TVSMOTOR,Automobiles,operating_profit_margin_pct,14.0,40.53,Mar 2024
BAJAJ-AUTO,Automobiles,net_profit_margin_pct,15.65,70.0,Mar 2013
BAJAJ-AUTO,Automobiles,net_profit_margin_pct,15.65,70.0,Mar 2013
BAJAJ-AUTO,Automobiles,net_profit_margin_pct,16.79,79.47,Mar 2014
BAJAJ-AUTO,Automobiles,net_profit_margin_pct,16.79,79.47,Mar 2014
BAJAJ-AUTO,Automobiles,net_profit_margin_pct,14.01,66.84,Mar 2015
BAJAJ-AUTO,Automobiles,net_profit_margin_pct,14.01,66.84,Mar 2015
BAJAJ-AUTO,Automobiles,net_profit_margin_pct,17.99,87.89,Mar 2016
BAJAJ-AUTO,Automobiles,net_profit_margin_pct,17.99,87.89,Mar 2016
BAJAJ-AUTO,Automobiles,net_profit_margin_pct,18.75,92.11,Mar 2017
BAJAJ-AUTO,Automobiles,net_profit_margin_pct,18.75,92.11,Mar 2017
BAJAJ-AUTO,Automobiles,net_profit_margin_pct,16.74,77.37,Mar 2018
BAJAJ-AUTO,Automobiles,net_profit_margin_pct,16.74,77.37,Mar 2018
BAJAJ-AUTO,Automobiles,net_profit_margin_pct,16.23,72.11,Mar 2019
BAJAJ-AUTO,Automobiles,net_profit_margin_pct,16.23,72.11,Mar 2019
BAJAJ-AUTO,Automobiles,net_profit_margin_pct,17.42,83.68,Mar 2020
BAJAJ-AUTO,Automobiles,net_profit_margin_pct,17.42,83.68,Mar 2020
BAJAJ-AUTO,Automobiles,net_profit_margin_pct,17.51,85.79,Mar 2021
BAJAJ-AUTO,Automobiles,net_profit_margin_pct,17.51,85.79,Mar 2021
BAJAJ-AUTO,Automobiles,net_profit_margin_pct,18.6,90.0,Mar 2022
BAJAJ-AUTO,Automobiles,net_profit_margin_pct,18.6,90.0,Mar 2022
BAJAJ-AUTO,Automobiles,net_profit_margin_pct,16.62,75.26,Mar 2023
BAJAJ-AUTO,Automobiles,net_profit_margin_pct,16.62,75.26,Mar 2023
BAJAJ-AUTO,Automobiles,net_profit_margin_pct,17.18,81.58,Mar 2024
BAJAJ-AUTO,Automobiles,net_profit_margin_pct,17.18,81.58,Mar 2024
EICHERMOT,Automobiles,net_profit_margin_pct,7.430000000000001,40.0,Dec 2012
EICHERMOT,Automobiles,net_profit_margin_pct,7.71,43.16,Dec 2013
EICHERMOT,Automobiles,net_profit_margin_pct,8.03,45.26,Dec 2014
EICHERMOT,Automobiles,net_profit_margin_pct,21.68,95.79,Mar 2016
EICHERMOT,Automobiles,net_profit_margin_pct,23.7,98.95,Mar 2017
EICHERMOT,Automobiles,net_profit_margin_pct,21.86,96.84,Mar 2018
EICHERMOT,Automobiles,net_profit_margin_pct,22.49,97.89,Mar 2019
EICHERMOT,Automobiles,net_profit_margin_pct,19.96,93.68,Mar 2020
EICHERMOT,Automobiles,net_profit_margin_pct,15.45,68.42,Mar 2021
EICHERMOT,Automobiles,net_profit_margin_pct,16.28,73.68,Mar 2022
EICHERMOT,Automobiles,net_profit_margin_pct,20.18,94.74,Mar 2023
EICHERMOT,Automobiles,net_profit_margin_pct,24.2,100.0,Mar 2024
HEROMOTOCO,Automobiles,net_profit_margin_pct,8.32,48.42,Mar 2014
HEROMOTOCO,Automobiles,net_profit_margin_pct,8.58,49.47,Mar 2015
HEROMOTOCO,Automobiles,net_profit_margin_pct,10.94,61.05,Mar 2016
HEROMOTOCO,Automobiles,net_profit_margin_pct,12.39,64.21,Mar 2017
HEROMOTOCO,Automobiles,net_profit_margin_pct,11.47,63.16,Mar 2018
HEROMOTOCO,Automobiles,net_profit_margin_pct,10.2,60.0,Mar 2019
HEROMOTOCO,Automobiles,net_profit_margin_pct,12.51,65.26,Mar 2020
HEROMOTOCO,Automobiles,net_profit_margin_pct,9.48,54.74,Mar 2021
HEROMOTOCO,Automobiles,net_profit_margin_pct,7.88,44.21,Mar 2022
HEROMOTOCO,Automobiles,net_profit_margin_pct,8.200000000000001,47.37,Mar 2023
HEROMOTOCO,Automobiles,net_profit_margin_pct,9.9,58.95,Mar 2024
M&M,Automobiles,net_profit_margin_pct,6.01,32.63,Mar 2013
M&M,Automobiles,net_profit_margin_pct,6.959999999999999,36.84,Mar 2014
M&M,Automobiles,net_profit_margin_pct,4.73,26.32,Mar 2015
M&M,Automobiles,net_profit_margin_pct,4.69,25.26,Mar 2016
M&M,Automobiles,net_profit_margin_pct,4.84,27.37,Mar 2017
M&M,Automobiles,net_profit_margin_pct,8.64,50.53,Mar 2018
M&M,Automobiles,net_profit_margin_pct,5.75,31.58,Mar 2019
M&M,Automobiles,net_profit_margin_pct,-0.43,5.26,Mar 2020
M&M,Automobiles,net_profit_margin_pct,2.04,7.37,Mar 2021
M&M,Automobiles,net_profit_margin_pct,8.04,46.32,Mar 2022
M&M,Automobiles,net_profit_margin_pct,9.379999999999999,53.68,Mar 2023
M&M,Automobiles,net_profit_margin_pct,8.82,51.58,Mar 2024
MARUTI,Automobiles,net_profit_margin_pct,5.58,30.53,Mar 2013
MARUTI,Automobiles,net_profit_margin_pct,6.41,35.79,Mar 2014
MARUTI,Automobiles,net_profit_margin_pct,7.5,41.58,Mar 2015
MARUTI,Automobiles,net_profit_margin_pct,9.55,56.84,Mar 2016
MARUTI,Automobiles,net_profit_margin_pct,11.03,62.11,Mar 2017
MARUTI,Automobiles,net_profit_margin_pct,9.87,57.89,Mar 2018
MARUTI,Automobiles,net_profit_margin_pct,8.89,52.63,Mar 2019
MARUTI,Automobiles,net_profit_margin_pct,7.5,41.58,Mar 2020
MARUTI,Automobiles,net_profit_margin_pct,6.239999999999999,34.74,Mar 2021
MARUTI,Automobiles,net_profit_margin_pct,4.390000000000001,23.16,Mar 2022
MARUTI,Automobiles,net_profit_margin_pct,6.98,37.89,Mar 2023
MARUTI,Automobiles,net_profit_margin_pct,9.51,55.79,Mar 2024
TATAMOTORS,Automobiles,net_profit_margin_pct,5.28,28.42,Mar 2013
TATAMOTORS,Automobiles,net_profit_margin_pct,6.03,33.68,Mar 2014
TATAMOTORS,Automobiles,net_profit_margin_pct,5.35,29.47,Mar 2015
TATAMOTORS,Automobiles,net_profit_margin_pct,4.279999999999999,22.11,Mar 2016
TATAMOTORS,Automobiles,net_profit_margin_pct,2.8,10.53,Mar 2017
TATAMOTORS,Automobiles,net_profit_margin_pct,3.12,12.63,Mar 2018
TATAMOTORS,Automobiles,net_profit_margin_pct,-9.51,1.05,Mar 2019
TATAMOTORS,Automobiles,net_profit_margin_pct,-4.590000000000001,3.16,Mar 2020
TATAMOTORS,Automobiles,net_profit_margin_pct,-5.36,2.11,Mar 2021
TATAMOTORS,Automobiles,net_profit_margin_pct,-4.06,4.21,Mar 2022
TATAMOTORS,Automobiles,net_profit_margin_pct,0.7799999999999999,6.32,Mar 2023
TATAMOTORS,Automobiles,net_profit_margin_pct,7.26,38.95,Mar 2024
TVSMOTOR,Automobiles,net_profit_margin_pct,2.64,9.47,Mar 2013
TVSMOTOR,Automobiles,net_profit_margin_pct,2.23,8.42,Mar 2014
TVSMOTOR,Automobiles,net_profit_margin_pct,3.2,14.74,Mar 2015
TVSMOTOR,Automobiles,net_profit_margin_pct,3.77,17.89,Mar 2016
TVSMOTOR,Automobiles,net_profit_margin_pct,4.08,20.0,Mar 2017
TVSMOTOR,Automobiles,net_profit_margin_pct,4.07,18.95,Mar 2018
TVSMOTOR,Automobiles,net_profit_margin_pct,3.6,16.84,Mar 2019
TVSMOTOR,Automobiles,net_profit_margin_pct,3.43,15.79,Mar 2020
TVSMOTOR,Automobiles,net_profit_margin_pct,3.13,13.68,Mar 2021
TVSMOTOR,Automobiles,net_profit_margin_pct,3.0,11.58,Mar 2022
TVSMOTOR,Automobiles,net_profit_margin_pct,4.09,21.05,Mar 2023
TVSMOTOR,Automobiles,net_profit_margin_pct,4.54,24.21,Mar 2024
BAJAJ-AUTO,Automobiles,debt_to_equity,0.0144,65.79,Mar 2013
BAJAJ-AUTO,Automobiles,debt_to_equity,0.0144,65.79,Mar 2013
BAJAJ-AUTO,Automobiles,debt_to_equity,0.0058,84.74,Mar 2014
BAJAJ-AUTO,Automobiles,debt_to_equity,0.0058,84.74,Mar 2014
BAJAJ-AUTO,Automobiles,debt_to_equity,0.0101,71.05,Mar 2015
BAJAJ-AUTO,Automobiles,debt_to_equity,0.0101,71.05,Mar 2015
BAJAJ-AUTO,Automobiles,debt_to_equity,0.0084,74.21,Mar 2016
BAJAJ-AUTO,Automobiles,debt_to_equity,0.0084,74.21,Mar 2016
BAJAJ-AUTO,Automobiles,debt_to_equity,0.0067,78.42,Mar 2017
BAJAJ-AUTO,Automobiles,debt_to_equity,0.0067,78.42,Mar 2017
BAJAJ-AUTO,Automobiles,debt_to_equity,0.0059,81.58,Mar 2018
BAJAJ-AUTO,Automobiles,debt_to_equity,0.0059,81.58,Mar 2018
BAJAJ-AUTO,Automobiles,debt_to_equity,0.0054,87.89,Mar 2019
BAJAJ-AUTO,Automobiles,debt_to_equity,0.0054,87.89,Mar 2019
BAJAJ-AUTO,Automobiles,debt_to_equity,0.0058,84.74,Mar 2020
BAJAJ-AUTO,Automobiles,debt_to_equity,0.0058,84.74,Mar 2020
BAJAJ-AUTO,Automobiles,debt_to_equity,0.0044,90.0,Mar 2021
BAJAJ-AUTO,Automobiles,debt_to_equity,0.0044,90.0,Mar 2021
BAJAJ-AUTO,Automobiles,debt_to_equity,0.0041,94.21,Mar 2022
BAJAJ-AUTO,Automobiles,debt_to_equity,0.0041,94.21,Mar 2022
BAJAJ-AUTO,Automobiles,debt_to_equity,0.0042,92.11,Mar 2023
BAJAJ-AUTO,Automobiles,debt_to_equity,0.0042,92.11,Mar 2023
BAJAJ-AUTO,Automobiles,debt_to_equity,0.066,40.53,Mar 2024
BAJAJ-AUTO,Automobiles,debt_to_equity,0.066,40.53,Mar 2024
EICHERMOT,Automobiles,debt_to_equity,0.0131,67.89,Dec 2012
EICHERMOT,Automobiles,debt_to_equity,0.0409,43.16,Dec 2013
EICHERMOT,Automobiles,debt_to_equity,0.0231,55.79,Dec 2014
EICHERMOT,Automobiles,debt_to_equity,0.0063,80.0,Mar 2016
EICHERMOT,Automobiles,debt_to_equity,0.021,58.42,Mar 2017
EICHERMOT,Automobiles,debt_to_equity,0.0215,56.84,Mar 2018
EICHERMOT,Automobiles,debt_to_equity,0.021,58.42,Mar 2019
EICHERMOT,Automobiles,debt_to_equity,0.0249,52.63,Mar 2020
EICHERMOT,Automobiles,debt_to_equity,0.0191,61.05,Mar 2021
EICHERMOT,Automobiles,debt_to_equity,0.0086,72.63,Mar 2022
EICHERMOT,Automobiles,debt_to_equity,0.0192,60.0,Mar 2023
EICHERMOT,Automobiles,debt_to_equity,0.0232,54.74,Mar 2024
HEROMOTOCO,Automobiles,debt_to_equity,0.0505,42.11,Mar 2014
HEROMOTOCO,Automobiles,debt_to_equity,0.0153,64.21,Mar 2015
HEROMOTOCO,Automobiles,debt_to_equity,0.0263,50.53,Mar 2016
HEROMOTOCO,Automobiles,debt_to_equity,0.0253,51.58,Mar 2017
HEROMOTOCO,Automobiles,debt_to_equity,0.019,62.11,Mar 2018
HEROMOTOCO,Automobiles,debt_to_equity,0.0238,53.68,Mar 2019
HEROMOTOCO,Automobiles,debt_to_equity,0.0314,48.42,Mar 2020
HEROMOTOCO,Automobiles,debt_to_equity,0.0379,45.26,Mar 2021
HEROMOTOCO,Automobiles,debt_to_equity,0.0382,44.21,Mar 2022
HEROMOTOCO,Automobiles,debt_to_equity,0.0341,47.37,Mar 2023
HEROMOTOCO,Automobiles,debt_to_equity,0.0342,46.32,Mar 2024
M&M,Automobiles,debt_to_equity,1.4384,24.21,Mar 2013
M&M,Automobiles,debt_to_equity,1.5089,22.11,Mar 2014
M&M,Automobiles,debt_to_equity,1.4662,23.16,Mar 2015
M&M,Automobiles,debt_to_equity,1.5685,20.0,Mar 2016
M&M,Automobiles,debt_to_equity,1.6375,17.89,Mar 2017
M&M,Automobiles,debt_to_equity,1.52,21.05,Mar 2018
M&M,Automobiles,debt_to_equity,1.772,13.68,Mar 2019
M&M,Automobiles,debt_to_equity,2.0539,10.53,Mar 2020
M&M,Automobiles,debt_to_equity,1.9389,12.63,Mar 2021
M&M,Automobiles,debt_to_equity,1.6469,15.79,Mar 2022
M&M,Automobiles,debt_to_equity,1.6366,18.95,Mar 2023
M&M,Automobiles,debt_to_equity,1.6414,16.84,Mar 2024
MARUTI,Automobiles,debt_to_equity,0.0825,38.95,Mar 2013
MARUTI,Automobiles,debt_to_equity,0.0932,37.89,Mar 2014
MARUTI,Automobiles,debt_to_equity,0.0274,49.47,Mar 2015
MARUTI,Automobiles,debt_to_equity,0.0075,76.84,Mar 2016
MARUTI,Automobiles,debt_to_equity,0.0131,67.89,Mar 2017
MARUTI,Automobiles,debt_to_equity,0.0028,97.89,Mar 2018
MARUTI,Automobiles,debt_to_equity,0.0034,96.84,Mar 2019
MARUTI,Automobiles,debt_to_equity,0.0037,95.79,Mar 2020
MARUTI,Automobiles,debt_to_equity,0.0103,69.47,Mar 2021
MARUTI,Automobiles,debt_to_equity,0.0077,75.79,Mar 2022
MARUTI,Automobiles,debt_to_equity,0.0167,63.16,Mar 2023
MARUTI,Automobiles,debt_to_equity,0.0014,98.95,Mar 2024
TATAMOTORS,Automobiles,debt_to_equity,1.4272,25.26,Mar 2013
TATAMOTORS,Automobiles,debt_to_equity,0.9244,31.58,Mar 2014
TATAMOTORS,Automobiles,debt_to_equity,1.3083,27.37,Mar 2015
TATAMOTORS,Automobiles,debt_to_equity,0.8785,32.63,Mar 2016
TATAMOTORS,Automobiles,debt_to_equity,1.3538,26.32,Mar 2017
TATAMOTORS,Automobiles,debt_to_equity,0.9321,30.53,Mar 2018
TATAMOTORS,Automobiles,debt_to_equity,1.7643,14.74,Mar 2019
TATAMOTORS,Automobiles,debt_to_equity,1.9783,11.58,Mar 2020
TATAMOTORS,Automobiles,debt_to_equity,2.5726,9.47,Mar 2021
TATAMOTORS,Automobiles,debt_to_equity,3.2865,4.21,Mar 2022
TATAMOTORS,Automobiles,debt_to_equity,2.9591,6.32,Mar 2023
TATAMOTORS,Automobiles,debt_to_equity,1.2631,28.42,Mar 2024
TVSMOTOR,Automobiles,debt_to_equity,1.188,29.47,Mar 2013
TVSMOTOR,Automobiles,debt_to_equity,0.627,34.74,Mar 2014
TVSMOTOR,Automobiles,debt_to_equity,0.8445,33.68,Mar 2015
TVSMOTOR,Automobiles,debt_to_equity,0.5998,35.79,Mar 2016
TVSMOTOR,Automobiles,debt_to_equity,0.5913,36.84,Mar 2017
TVSMOTOR,Automobiles,debt_to_equity,2.587,8.42,Mar 2018
TVSMOTOR,Automobiles,debt_to_equity,2.9322,7.37,Mar 2019
TVSMOTOR,Automobiles,debt_to_equity,3.5306,3.16,Mar 2020
TVSMOTOR,Automobiles,debt_to_equity,3.1824,5.26,Mar 2021
TVSMOTOR,Automobiles,debt_to_equity,3.597,2.11,Mar 2022
TVSMOTOR,Automobiles,debt_to_equity,4.0647,0.0,Mar 2023
TVSMOTOR,Automobiles,debt_to_equity,3.8334,1.05,Mar 2024
BAJAJ-AUTO,Automobiles,interest_coverage,4446.0,91.05,Mar 2013
BAJAJ-AUTO,Automobiles,interest_coverage,4446.0,91.05,Mar 2013
BAJAJ-AUTO,Automobiles,interest_coverage,4837.0,93.16,Mar 2014
BAJAJ-AUTO,Automobiles,interest_coverage,4837.0,93.16,Mar 2014
BAJAJ-AUTO,Automobiles,interest_coverage,726.0,79.47,Mar 2015
BAJAJ-AUTO,Automobiles,interest_coverage,726.0,79.47,Mar 2015
BAJAJ-AUTO,Automobiles,interest_coverage,5987.0,97.37,Mar 2016
BAJAJ-AUTO,Automobiles,interest_coverage,5987.0,97.37,Mar 2016
BAJAJ-AUTO,Automobiles,interest_coverage,5897.0,95.26,Mar 2017
BAJAJ-AUTO,Automobiles,interest_coverage,5897.0,95.26,Mar 2017
BAJAJ-AUTO,Automobiles,interest_coverage,6250.0,99.47,Mar 2018
BAJAJ-AUTO,Automobiles,interest_coverage,6250.0,99.47,Mar 2018
BAJAJ-AUTO,Automobiles,interest_coverage,1806.5,86.84,Mar 2019
BAJAJ-AUTO,Automobiles,interest_coverage,1806.5,86.84,Mar 2019
BAJAJ-AUTO,Automobiles,interest_coverage,2313.6667,88.95,Mar 2020
BAJAJ-AUTO,Automobiles,interest_coverage,2313.6667,88.95,Mar 2020
BAJAJ-AUTO,Automobiles,interest_coverage,929.7143,83.68,Mar 2021
BAJAJ-AUTO,Automobiles,interest_coverage,929.7143,83.68,Mar 2021
BAJAJ-AUTO,Automobiles,interest_coverage,881.1111,81.58,Mar 2022
BAJAJ-AUTO,Automobiles,interest_coverage,881.1111,81.58,Mar 2022
BAJAJ-AUTO,Automobiles,interest_coverage,204.2,74.21,Mar 2023
BAJAJ-AUTO,Automobiles,interest_coverage,204.2,74.21,Mar 2023
BAJAJ-AUTO,Automobiles,interest_coverage,174.4167,71.05,Mar 2024
BAJAJ-AUTO,Automobiles,interest_coverage,174.4167,71.05,Mar 2024
EICHERMOT,Automobiles,interest_coverage,171.5,69.47,Dec 2012
EICHERMOT,Automobiles,interest_coverage,101.0,58.95,Dec 2013
EICHERMOT,Automobiles,interest_coverage,122.3,62.11,Dec 2014
EICHERMOT,Automobiles,interest_coverage,1008.0,85.26,Mar 2016
EICHERMOT,Automobiles,interest_coverage,647.5,76.84,Mar 2017
EICHERMOT,Automobiles,interest_coverage,669.0,77.89,Mar 2018
EICHERMOT,Automobiles,interest_coverage,515.0,75.79,Mar 2019
EICHERMOT,Automobiles,interest_coverage,145.0,67.37,Mar 2020
EICHERMOT,Automobiles,interest_coverage,141.5625,65.26,Mar 2021
EICHERMOT,Automobiles,interest_coverage,140.7368,64.21,Mar 2022
EICHERMOT,Automobiles,interest_coverage,155.5,68.42,Mar 2023
EICHERMOT,Automobiles,interest_coverage,114.7059,60.0,Mar 2024
HEROMOTOCO,Automobiles,interest_coverage,50.5488,50.53,Mar 2014
HEROMOTOCO,Automobiles,interest_coverage,73.9415,55.79,Mar 2015
HEROMOTOCO,Automobiles,interest_coverage,57.1235,52.63,Mar 2016
HEROMOTOCO,Automobiles,interest_coverage,28.9651,41.05,Mar 2017
HEROMOTOCO,Automobiles,interest_coverage,48.1206,47.37,Mar 2018
HEROMOTOCO,Automobiles,interest_coverage,39.0837,44.21,Mar 2019
HEROMOTOCO,Automobiles,interest_coverage,17.5718,38.95,Mar 2020
HEROMOTOCO,Automobiles,interest_coverage,48.6709,49.47,Mar 2021
HEROMOTOCO,Automobiles,interest_coverage,48.2679,48.42,Mar 2022
HEROMOTOCO,Automobiles,interest_coverage,53.037,51.58,Mar 2023
HEROMOTOCO,Automobiles,interest_coverage,47.2685,46.32,Mar 2024
M&M,Automobiles,interest_coverage,4.3348,23.16,Mar 2013
M&M,Automobiles,interest_coverage,3.7045,18.95,Mar 2014
M&M,Automobiles,interest_coverage,3.0386,11.58,Mar 2015
M&M,Automobiles,interest_coverage,3.4088,14.74,Mar 2016
M&M,Automobiles,interest_coverage,3.513,15.79,Mar 2017
M&M,Automobiles,interest_coverage,4.4123,24.21,Mar 2018
M&M,Automobiles,interest_coverage,3.5616,16.84,Mar 2019
M&M,Automobiles,interest_coverage,1.8341,2.11,Mar 2020
M&M,Automobiles,interest_coverage,2.0713,3.16,Mar 2021
M&M,Automobiles,interest_coverage,3.5646,17.89,Mar 2022
M&M,Automobiles,interest_coverage,4.1588,22.11,Mar 2023
M&M,Automobiles,interest_coverage,3.7647,21.05,Mar 2024
MARUTI,Automobiles,interest_coverage,26.0505,40.0,Mar 2013
MARUTI,Automobiles,interest_coverage,32.7935,42.11,Mar 2014
MARUTI,Automobiles,interest_coverage,35.3624,43.16,Mar 2015
MARUTI,Automobiles,interest_coverage,127.9024,63.16,Mar 2016
MARUTI,Automobiles,interest_coverage,144.0449,66.32,Mar 2017
MARUTI,Automobiles,interest_coverage,41.2514,45.26,Mar 2018
MARUTI,Automobiles,interest_coverage,180.5263,72.63,Mar 2019
MARUTI,Automobiles,interest_coverage,80.3358,56.84,Mar 2020
MARUTI,Automobiles,interest_coverage,82.9118,57.89,Mar 2021
MARUTI,Automobiles,interest_coverage,59.9449,53.68,Mar 2022
MARUTI,Automobiles,interest_coverage,61.6548,54.74,Mar 2023
MARUTI,Automobiles,interest_coverage,117.9072,61.05,Mar 2024
TATAMOTORS,Automobiles,interest_coverage,6.9688,29.47,Mar 2013
TATAMOTORS,Automobiles,interest_coverage,7.306,30.53,Mar 2014
TATAMOTORS,Automobiles,interest_coverage,8.2191,34.74,Mar 2015
TATAMOTORS,Automobiles,interest_coverage,7.3072,31.58,Mar 2016
TATAMOTORS,Automobiles,interest_coverage,7.4228,32.63,Mar 2017
TATAMOTORS,Automobiles,interest_coverage,7.9861,33.68,Mar 2018
TATAMOTORS,Automobiles,interest_coverage,-0.3511,1.05,Mar 2019
TATAMOTORS,Automobiles,interest_coverage,2.4974,4.21,Mar 2020
TATAMOTORS,Automobiles,interest_coverage,2.6144,6.32,Mar 2021
TATAMOTORS,Automobiles,interest_coverage,2.9149,9.47,Mar 2022
TATAMOTORS,Automobiles,interest_coverage,3.7633,20.0,Mar 2023
TATAMOTORS,Automobiles,interest_coverage,6.5302,27.37,Mar 2024
TVSMOTOR,Automobiles,interest_coverage,5.5146,26.32,Mar 2013
TVSMOTOR,Automobiles,interest_coverage,6.7,28.42,Mar 2014
TVSMOTOR,Automobiles,interest_coverage,11.0484,35.79,Mar 2015
TVSMOTOR,Automobiles,interest_coverage,13.0286,36.84,Mar 2016
TVSMOTOR,Automobiles,interest_coverage,17.2333,37.89,Mar 2017
TVSMOTOR,Automobiles,interest_coverage,4.858,25.26,Mar 2018
TVSMOTOR,Automobiles,interest_coverage,3.3002,13.68,Mar 2019
TVSMOTOR,Automobiles,interest_coverage,2.662,7.37,Mar 2020
TVSMOTOR,Automobiles,interest_coverage,2.5743,5.26,Mar 2021
TVSMOTOR,Automobiles,interest_coverage,2.9255,10.53,Mar 2022
TVSMOTOR,Automobiles,interest_coverage,3.0431,12.63,Mar 2023
TVSMOTOR,Automobiles,interest_coverage,2.9077,8.42,Mar 2024
BAJAJ-AUTO,Automobiles,asset_turnover,1.584,86.84,Mar 2013
BAJAJ-AUTO,Automobiles,asset_turnover,1.584,86.84,Mar 2013
BAJAJ-AUTO,Automobiles,asset_turnover,1.3155,71.05,Mar 2014
BAJAJ-AUTO,Automobiles,asset_turnover,1.3155,71.05,Mar 2014
BAJAJ-AUTO,Automobiles,asset_turnover,1.3526,77.37,Mar 2015
BAJAJ-AUTO,Automobiles,asset_turnover,1.3526,77.37,Mar 2015
BAJAJ-AUTO,Automobiles,asset_turnover,1.3094,66.84,Mar 2016
BAJAJ-AUTO,Automobiles,asset_turnover,1.3094,66.84,Mar 2016
BAJAJ-AUTO,Automobiles,asset_turnover,1.0054,41.58,Mar 2017
BAJAJ-AUTO,Automobiles,asset_turnover,1.0054,41.58,Mar 2017
BAJAJ-AUTO,Automobiles,asset_turnover,1.0027,38.42,Mar 2018
BAJAJ-AUTO,Automobiles,asset_turnover,1.0027,38.42,Mar 2018
BAJAJ-AUTO,Automobiles,asset_turnover,1.0529,47.89,Mar 2019
BAJAJ-AUTO,Automobiles,asset_turnover,1.0529,47.89,Mar 2019
BAJAJ-AUTO,Automobiles,asset_turnover,1.1286,53.16,Mar 2020
BAJAJ-AUTO,Automobiles,asset_turnover,1.1286,53.16,Mar 2020
BAJAJ-AUTO,Automobiles,asset_turnover,0.8256,19.47,Mar 2021
BAJAJ-AUTO,Automobiles,asset_turnover,0.8256,19.47,Mar 2021
BAJAJ-AUTO,Automobiles,asset_turnover,0.944,32.11,Mar 2022
BAJAJ-AUTO,Automobiles,asset_turnover,0.944,32.11,Mar 2022
BAJAJ-AUTO,Automobiles,asset_turnover,1.0375,45.26,Mar 2023
BAJAJ-AUTO,Automobiles,asset_turnover,1.0375,45.26,Mar 2023
BAJAJ-AUTO,Automobiles,asset_turnover,1.1405,55.26,Mar 2024
BAJAJ-AUTO,Automobiles,asset_turnover,1.1405,55.26,Mar 2024
EICHERMOT,Automobiles,asset_turnover,1.4292,82.11,Dec 2012
EICHERMOT,Automobiles,asset_turnover,1.276,65.26,Dec 2013
EICHERMOT,Automobiles,asset_turnover,1.3647,78.95,Dec 2014
EICHERMOT,Automobiles,asset_turnover,1.2498,64.21,Mar 2016
EICHERMOT,Automobiles,asset_turnover,1.0034,40.0,Mar 2017
EICHERMOT,Automobiles,asset_turnover,0.9415,30.53,Mar 2018
EICHERMOT,Automobiles,asset_turnover,0.8604,23.16,Mar 2019
EICHERMOT,Automobiles,asset_turnover,0.7353,12.63,Mar 2020
EICHERMOT,Automobiles,asset_turnover,0.5989,6.32,Mar 2021
EICHERMOT,Automobiles,asset_turnover,0.638,7.37,Mar 2022
EICHERMOT,Automobiles,asset_turnover,0.7523,14.74,Mar 2023
EICHERMOT,Automobiles,asset_turnover,0.7154,10.53,Mar 2024
HEROMOTOCO,Automobiles,asset_turnover,2.497,98.95,Mar 2014
HEROMOTOCO,Automobiles,asset_turnover,2.5848,100.0,Mar 2015
HEROMOTOCO,Automobiles,asset_turnover,2.2067,93.68,Mar 2016
HEROMOTOCO,Automobiles,asset_turnover,1.8685,91.58,Mar 2017
HEROMOTOCO,Automobiles,asset_turnover,1.8657,90.53,Mar 2018
HEROMOTOCO,Automobiles,asset_turnover,1.8359,89.47,Mar 2019
HEROMOTOCO,Automobiles,asset_turnover,1.4869,85.26,Mar 2020
HEROMOTOCO,Automobiles,asset_turnover,1.3404,73.68,Mar 2021
HEROMOTOCO,Automobiles,asset_turnover,1.3147,69.47,Mar 2022
HEROMOTOCO,Automobiles,asset_turnover,1.4282,81.05,Mar 2023
HEROMOTOCO,Automobiles,asset_turnover,1.4449,83.16,Mar 2024
M&M,Automobiles,asset_turnover,0.9023,26.32,Mar 2013
M&M,Automobiles,asset_turnover,0.842,21.05,Mar 2014
M&M,Automobiles,asset_turnover,0.7571,15.79,Mar 2015
M&M,Automobiles,asset_turnover,0.7595,16.84,Mar 2016
M&M,Automobiles,asset_turnover,0.7359,13.68,Mar 2017
M&M,Automobiles,asset_turnover,0.6753,9.47,Mar 2018
M&M,Automobiles,asset_turnover,0.6469,8.42,Mar 2019
M&M,Automobiles,asset_turnover,0.4549,2.11,Mar 2020
M&M,Automobiles,asset_turnover,0.4503,1.05,Mar 2021
M&M,Automobiles,asset_turnover,0.5231,3.16,Mar 2022
M&M,Automobiles,asset_turnover,0.5936,5.26,Mar 2023
M&M,Automobiles,asset_turnover,0.5925,4.21,Mar 2024
MARUTI,Automobiles,asset_turnover,1.6101,88.42,Mar 2013
MARUTI,Automobiles,asset_turnover,1.4151,80.0,Mar 2014
MARUTI,Automobiles,asset_turnover,1.4735,84.21,Mar 2015
MARUTI,Automobiles,asset_turnover,1.3479,75.79,Mar 2016
MARUTI,Automobiles,asset_turnover,1.3103,68.42,Mar 2017
MARUTI,Automobiles,asset_turnover,1.3247,72.63,Mar 2018
MARUTI,Automobiles,asset_turnover,1.3455,74.74,Mar 2019
MARUTI,Automobiles,asset_turnover,1.1891,60.0,Mar 2020
MARUTI,Automobiles,asset_turnover,0.9859,34.74,Mar 2021
MARUTI,Automobiles,asset_turnover,1.1832,57.89,Mar 2022
MARUTI,Automobiles,asset_turnover,1.1828,56.84,Mar 2023
MARUTI,Automobiles,asset_turnover,1.2303,62.11,Mar 2024
TATAMOTORS,Automobiles,asset_turnover,1.1216,51.58,Mar 2013
TATAMOTORS,Automobiles,asset_turnover,1.066,49.47,Mar 2014
TATAMOTORS,Automobiles,asset_turnover,1.1089,50.53,Mar 2015
TATAMOTORS,Automobiles,asset_turnover,1.0375,45.26,Mar 2016
TATAMOTORS,Automobiles,asset_turnover,0.9894,36.84,Mar 2017
TATAMOTORS,Automobiles,asset_turnover,0.8911,25.26,Mar 2018
TATAMOTORS,Automobiles,asset_turnover,0.9877,35.79,Mar 2019
TATAMOTORS,Automobiles,asset_turnover,0.8154,17.89,Mar 2020
TATAMOTORS,Automobiles,asset_turnover,0.7313,11.58,Mar 2021
TATAMOTORS,Automobiles,asset_turnover,0.8462,22.11,Mar 2022
TATAMOTORS,Automobiles,asset_turnover,1.0337,43.16,Mar 2023
TATAMOTORS,Automobiles,asset_turnover,1.1851,58.95,Mar 2024
TVSMOTOR,Automobiles,asset_turnover,2.2212,95.79,Mar 2013
TVSMOTOR,Automobiles,asset_turnover,2.3084,97.89,Mar 2014
TVSMOTOR,Automobiles,asset_turnover,2.2442,96.84,Mar 2015
TVSMOTOR,Automobiles,asset_turnover,2.2108,94.74,Mar 2016
TVSMOTOR,Automobiles,asset_turnover,2.0338,92.63,Mar 2017
TVSMOTOR,Automobiles,asset_turnover,1.2388,63.16,Mar 2018
TVSMOTOR,Automobiles,asset_turnover,1.2075,61.05,Mar 2019
TVSMOTOR,Automobiles,asset_turnover,0.9781,33.68,Mar 2020
TVSMOTOR,Automobiles,asset_turnover,0.8882,24.21,Mar 2021
TVSMOTOR,Automobiles,asset_turnover,0.9048,27.37,Mar 2022
TVSMOTOR,Automobiles,asset_turnover,0.9129,28.42,Mar 2023
TVSMOTOR,Automobiles,asset_turnover,0.9315,29.47,Mar 2024
AXISBANK,Private Banks,return_on_equity_pct,15.62,78.33,Mar 2013
AXISBANK,Private Banks,return_on_equity_pct,16.19,83.33,Mar 2014
AXISBANK,Private Banks,return_on_equity_pct,16.37,85.0,Mar 2015
AXISBANK,Private Banks,return_on_equity_pct,15.36,71.67,Mar 2016
AXISBANK,Private Banks,return_on_equity_pct,6.529999999999999,8.33,Mar 2017
AXISBANK,Private Banks,return_on_equity_pct,0.43,1.67,Mar 2018
AXISBANK,Private Banks,return_on_equity_pct,6.9,11.67,Mar 2019
AXISBANK,Private Banks,return_on_equity_pct,1.88,3.33,Mar 2020
AXISBANK,Private Banks,return_on_equity_pct,6.36,6.67,Mar 2021
AXISBANK,Private Banks,return_on_equity_pct,11.01,23.33,Mar 2022
AXISBANK,Private Banks,return_on_equity_pct,7.380000000000001,13.33,Mar 2023
AXISBANK,Private Banks,return_on_equity_pct,15.83,80.0,Mar 2024
HDFCBANK,Private Banks,return_on_equity_pct,18.84,98.33,Mar 2013
HDFCBANK,Private Banks,return_on_equity_pct,19.85,100.0,Mar 2014
HDFCBANK,Private Banks,return_on_equity_pct,16.95,93.33,Mar 2015
HDFCBANK,Private Banks,return_on_equity_pct,17.25,95.0,Mar 2016
HDFCBANK,Private Banks,return_on_equity_pct,16.69,88.33,Mar 2017
HDFCBANK,Private Banks,return_on_equity_pct,16.94,91.67,Mar 2018
HDFCBANK,Private Banks,return_on_equity_pct,14.61,60.0,Mar 2019
HDFCBANK,Private Banks,return_on_equity_pct,15.48,75.0,Mar 2020
HDFCBANK,Private Banks,return_on_equity_pct,15.18,66.67,Mar 2021
HDFCBANK,Private Banks,return_on_equity_pct,15.43,73.33,Mar 2022
HDFCBANK,Private Banks,return_on_equity_pct,15.94,81.67,Mar 2023
HDFCBANK,Private Banks,return_on_equity_pct,14.34,56.67,Mar 2024
ICICIBANK,Private Banks,return_on_equity_pct,14.73,63.33,Mar 2013
ICICIBANK,Private Banks,return_on_equity_pct,15.28,69.17,Mar 2014
ICICIBANK,Private Banks,return_on_equity_pct,15.28,69.17,Mar 2015
ICICIBANK,Private Banks,return_on_equity_pct,11.61,25.0,Mar 2016
ICICIBANK,Private Banks,return_on_equity_pct,10.84,21.67,Mar 2017
ICICIBANK,Private Banks,return_on_equity_pct,8.23,15.0,Mar 2018
ICICIBANK,Private Banks,return_on_equity_pct,4.98,5.0,Mar 2019
ICICIBANK,Private Banks,return_on_equity_pct,9.13,16.67,Mar 2020
ICICIBANK,Private Banks,return_on_equity_pct,12.92,39.17,Mar 2021
ICICIBANK,Private Banks,return_on_equity_pct,14.58,58.33,Mar 2022
ICICIBANK,Private Banks,return_on_equity_pct,16.53,86.67,Mar 2023
ICICIBANK,Private Banks,return_on_equity_pct,17.99,96.67,Mar 2024
INDUSINDBK,Private Banks,return_on_equity_pct,13.91,50.0,Mar 2013
INDUSINDBK,Private Banks,return_on_equity_pct,15.57,76.67,Mar 2014
INDUSINDBK,Private Banks,return_on_equity_pct,16.85,90.0,Mar 2015
INDUSINDBK,Private Banks,return_on_equity_pct,12.92,39.17,Mar 2016
INDUSINDBK,Private Banks,return_on_equity_pct,13.89,48.33,Mar 2017
INDUSINDBK,Private Banks,return_on_equity_pct,15.13,65.0,Mar 2018
INDUSINDBK,Private Banks,return_on_equity_pct,12.37,28.33,Mar 2019
INDUSINDBK,Private Banks,return_on_equity_pct,12.73,35.0,Mar 2020
INDUSINDBK,Private Banks,return_on_equity_pct,6.54,10.0,Mar 2021
INDUSINDBK,Private Banks,return_on_equity_pct,9.67,18.33,Mar 2022
INDUSINDBK,Private Banks,return_on_equity_pct,13.53,46.67,Mar 2023
INDUSINDBK,Private Banks,return_on_equity_pct,14.25,55.0,Mar 2024
KOTAKBANK,Private Banks,return_on_equity_pct,14.66,61.67,Mar 2013
KOTAKBANK,Private Banks,return_on_equity_pct,13.24,43.33,Mar 2014
KOTAKBANK,Private Banks,return_on_equity_pct,14.01,52.5,Mar 2015
KOTAKBANK,Private Banks,return_on_equity_pct,10.56,20.0,Mar 2016
KOTAKBANK,Private Banks,return_on_equity_pct,13.04,41.67,Mar 2017
KOTAKBANK,Private Banks,return_on_equity_pct,12.4,30.0,Mar 2018
KOTAKBANK,Private Banks,return_on_equity_pct,12.47,31.67,Mar 2019
KOTAKBANK,Private Banks,return_on_equity_pct,12.9,36.67,Mar 2020
KOTAKBANK,Private Banks,return_on_equity_pct,11.85,26.67,Mar 2021
KOTAKBANK,Private Banks,return_on_equity_pct,12.51,33.33,Mar 2022
KOTAKBANK,Private Banks,return_on_equity_pct,13.35,45.0,Mar 2023
KOTAKBANK,Private Banks,return_on_equity_pct,14.01,52.5,Mar 2024
AXISBANK,Private Banks,operating_profit_margin_pct,1353.0,68.33,Mar 2013
AXISBANK,Private Banks,operating_profit_margin_pct,2307.0,71.67,Mar 2014
AXISBANK,Private Banks,operating_profit_margin_pct,3097.0,75.0,Mar 2015
AXISBANK,Private Banks,operating_profit_margin_pct,3466.0,78.33,Mar 2016
AXISBANK,Private Banks,operating_profit_margin_pct,-5715.0,33.33,Mar 2017
AXISBANK,Private Banks,operating_profit_margin_pct,-10277.0,25.0,Mar 2018
AXISBANK,Private Banks,operating_profit_margin_pct,-5447.0,35.0,Mar 2019
AXISBANK,Private Banks,operating_profit_margin_pct,-9859.0,28.33,Mar 2020
AXISBANK,Private Banks,operating_profit_margin_pct,-2510.0,45.0,Mar 2021
AXISBANK,Private Banks,operating_profit_margin_pct,3170.0,76.67,Mar 2022
AXISBANK,Private Banks,operating_profit_margin_pct,13857.0,91.67,Mar 2023
AXISBANK,Private Banks,operating_profit_margin_pct,11952.0,88.33,Mar 2024
HDFCBANK,Private Banks,operating_profit_margin_pct,3534.0,80.0,Mar 2013
HDFCBANK,Private Banks,operating_profit_margin_pct,5602.0,81.67,Mar 2014
HDFCBANK,Private Banks,operating_profit_margin_pct,7214.0,83.33,Mar 2015
HDFCBANK,Private Banks,operating_profit_margin_pct,9037.0,85.0,Mar 2016
HDFCBANK,Private Banks,operating_profit_margin_pct,11374.0,86.67,Mar 2017
HDFCBANK,Private Banks,operating_profit_margin_pct,13374.0,90.0,Mar 2018
HDFCBANK,Private Banks,operating_profit_margin_pct,16592.0,95.0,Mar 2019
HDFCBANK,Private Banks,operating_profit_margin_pct,14593.0,93.33,Mar 2020
HDFCBANK,Private Banks,operating_profit_margin_pct,16848.0,96.67,Mar 2021
HDFCBANK,Private Banks,operating_profit_margin_pct,20795.0,98.33,Mar 2022
HDFCBANK,Private Banks,operating_profit_margin_pct,29932.0,100.0,Mar 2023
HDFCBANK,Private Banks,operating_profit_margin_pct,-44685.0,8.33,Mar 2024
ICICIBANK,Private Banks,operating_profit_margin_pct,-15085.0,18.33,Mar 2013
ICICIBANK,Private Banks,operating_profit_margin_pct,-13084.0,23.33,Mar 2014
ICICIBANK,Private Banks,operating_profit_margin_pct,-16120.0,16.67,Mar 2015
ICICIBANK,Private Banks,operating_profit_margin_pct,-26955.0,11.67,Mar 2016
ICICIBANK,Private Banks,operating_profit_margin_pct,-37737.0,10.0,Mar 2017
ICICIBANK,Private Banks,operating_profit_margin_pct,-44906.0,5.0,Mar 2018
ICICIBANK,Private Banks,operating_profit_margin_pct,-50971.0,1.67,Mar 2019
ICICIBANK,Private Banks,operating_profit_margin_pct,-45190.0,3.33,Mar 2020
ICICIBANK,Private Banks,operating_profit_margin_pct,-44805.0,6.67,Mar 2021
ICICIBANK,Private Banks,operating_profit_margin_pct,-26558.0,13.33,Mar 2022
ICICIBANK,Private Banks,operating_profit_margin_pct,-17341.0,15.0,Mar 2023
ICICIBANK,Private Banks,operating_profit_margin_pct,-14152.0,20.0,Mar 2024
INDUSINDBK,Private Banks,operating_profit_margin_pct,286.0,58.33,Mar 2013
INDUSINDBK,Private Banks,operating_profit_margin_pct,335.0,63.33,Mar 2014
INDUSINDBK,Private Banks,operating_profit_margin_pct,288.0,60.0,Mar 2015
INDUSINDBK,Private Banks,operating_profit_margin_pct,329.0,61.67,Mar 2016
INDUSINDBK,Private Banks,operating_profit_margin_pct,379.0,65.0,Mar 2017
INDUSINDBK,Private Banks,operating_profit_margin_pct,942.0,66.67,Mar 2018
INDUSINDBK,Private Banks,operating_profit_margin_pct,-437.0,56.67,Mar 2019
INDUSINDBK,Private Banks,operating_profit_margin_pct,-553.0,55.0,Mar 2020
INDUSINDBK,Private Banks,operating_profit_margin_pct,-2469.0,46.67,Mar 2021
INDUSINDBK,Private Banks,operating_profit_margin_pct,-839.0,53.33,Mar 2022
INDUSINDBK,Private Banks,operating_profit_margin_pct,2067.0,70.0,Mar 2023
INDUSINDBK,Private Banks,operating_profit_margin_pct,2978.0,73.33,Mar 2024
KOTAKBANK,Private Banks,operating_profit_margin_pct,-1789.0,50.0,Mar 2013
KOTAKBANK,Private Banks,operating_profit_margin_pct,-1379.0,51.67,Mar 2014
KOTAKBANK,Private Banks,operating_profit_margin_pct,-3366.0,43.33,Mar 2015
KOTAKBANK,Private Banks,operating_profit_margin_pct,-2263.0,48.33,Mar 2016
KOTAKBANK,Private Banks,operating_profit_margin_pct,-3965.0,41.67,Mar 2017
KOTAKBANK,Private Banks,operating_profit_margin_pct,-4141.0,40.0,Mar 2018
KOTAKBANK,Private Banks,operating_profit_margin_pct,-5114.0,36.67,Mar 2019
KOTAKBANK,Private Banks,operating_profit_margin_pct,-5005.0,38.33,Mar 2020
KOTAKBANK,Private Banks,operating_profit_margin_pct,-9958.0,26.67,Mar 2021
KOTAKBANK,Private Banks,operating_profit_margin_pct,-8512.0,30.0,Mar 2022
KOTAKBANK,Private Banks,operating_profit_margin_pct,-5746.0,31.67,Mar 2023
KOTAKBANK,Private Banks,operating_profit_margin_pct,-13382.0,21.67,Mar 2024
AXISBANK,Private Banks,net_profit_margin_pct,19.05,33.33,Mar 2013
AXISBANK,Private Banks,net_profit_margin_pct,20.29,45.0,Mar 2014
AXISBANK,Private Banks,net_profit_margin_pct,20.74,53.33,Mar 2015
AXISBANK,Private Banks,net_profit_margin_pct,20.06,43.33,Mar 2016
AXISBANK,Private Banks,net_profit_margin_pct,8.260000000000002,6.67,Mar 2017
AXISBANK,Private Banks,net_profit_margin_pct,0.6,1.67,Mar 2018
AXISBANK,Private Banks,net_profit_margin_pct,8.51,8.33,Mar 2019
AXISBANK,Private Banks,net_profit_margin_pct,2.6,3.33,Mar 2020
AXISBANK,Private Banks,net_profit_margin_pct,10.4,11.67,Mar 2021
AXISBANK,Private Banks,net_profit_margin_pct,19.33,38.33,Mar 2022
AXISBANK,Private Banks,net_profit_margin_pct,11.25,13.33,Mar 2023
AXISBANK,Private Banks,net_profit_margin_pct,22.73,70.0,Mar 2024
HDFCBANK,Private Banks,net_profit_margin_pct,19.25,35.0,Mar 2013
HDFCBANK,Private Banks,net_profit_margin_pct,20.6,50.0,Mar 2014
HDFCBANK,Private Banks,net_profit_margin_pct,21.12,60.0,Mar 2015
HDFCBANK,Private Banks,net_profit_margin_pct,20.3,46.67,Mar 2016
HDFCBANK,Private Banks,net_profit_margin_pct,20.9,56.67,Mar 2017
HDFCBANK,Private Banks,net_profit_margin_pct,21.76,63.33,Mar 2018
HDFCBANK,Private Banks,net_profit_margin_pct,21.34,61.67,Mar 2019
HDFCBANK,Private Banks,net_profit_margin_pct,22.34,65.0,Mar 2020
HDFCBANK,Private Banks,net_profit_margin_pct,24.78,81.67,Mar 2021
HDFCBANK,Private Banks,net_profit_margin_pct,28.07,90.0,Mar 2022
HDFCBANK,Private Banks,net_profit_margin_pct,27.03,86.67,Mar 2023
HDFCBANK,Private Banks,net_profit_margin_pct,23.07,73.33,Mar 2024
ICICIBANK,Private Banks,net_profit_margin_pct,22.57,68.33,Mar 2013
ICICIBANK,Private Banks,net_profit_margin_pct,23.6,78.33,Mar 2014
ICICIBANK,Private Banks,net_profit_margin_pct,23.55,76.67,Mar 2015
ICICIBANK,Private Banks,net_profit_margin_pct,18.43,28.33,Mar 2016
ICICIBANK,Private Banks,net_profit_margin_pct,18.61,31.67,Mar 2017
ICICIBANK,Private Banks,net_profit_margin_pct,14.64,16.67,Mar 2018
ICICIBANK,Private Banks,net_profit_margin_pct,7.9,5.0,Mar 2019
ICICIBANK,Private Banks,net_profit_margin_pct,13.23,15.0,Mar 2020
ICICIBANK,Private Banks,net_profit_margin_pct,22.84,71.67,Mar 2021
ICICIBANK,Private Banks,net_profit_margin_pct,27.82,88.33,Mar 2022
ICICIBANK,Private Banks,net_profit_margin_pct,29.29,93.33,Mar 2023
ICICIBANK,Private Banks,net_profit_margin_pct,28.89,91.67,Mar 2024
INDUSINDBK,Private Banks,net_profit_margin_pct,15.19,21.67,Mar 2013
INDUSINDBK,Private Banks,net_profit_margin_pct,17.06,25.0,Mar 2014
INDUSINDBK,Private Banks,net_profit_margin_pct,18.51,30.0,Mar 2015
INDUSINDBK,Private Banks,net_profit_margin_pct,19.26,36.67,Mar 2016
INDUSINDBK,Private Banks,net_profit_margin_pct,19.91,41.67,Mar 2017
INDUSINDBK,Private Banks,net_profit_margin_pct,20.87,55.0,Mar 2018
INDUSINDBK,Private Banks,net_profit_margin_pct,14.83,18.33,Mar 2019
INDUSINDBK,Private Banks,net_profit_margin_pct,15.35,23.33,Mar 2020
INDUSINDBK,Private Banks,net_profit_margin_pct,9.78,10.0,Mar 2021
INDUSINDBK,Private Banks,net_profit_margin_pct,14.96,20.0,Mar 2022
INDUSINDBK,Private Banks,net_profit_margin_pct,20.32,48.33,Mar 2023
INDUSINDBK,Private Banks,net_profit_margin_pct,19.56,40.0,Mar 2024
KOTAKBANK,Private Banks,net_profit_margin_pct,20.65,51.67,Mar 2013
KOTAKBANK,Private Banks,net_profit_margin_pct,21.08,58.33,Mar 2014
KOTAKBANK,Private Banks,net_profit_margin_pct,23.31,75.0,Mar 2015
KOTAKBANK,Private Banks,net_profit_margin_pct,17.27,26.67,Mar 2016
KOTAKBANK,Private Banks,net_profit_margin_pct,22.48,66.67,Mar 2017
KOTAKBANK,Private Banks,net_profit_margin_pct,24.9,83.33,Mar 2018
KOTAKBANK,Private Banks,net_profit_margin_pct,24.15,80.0,Mar 2019
KOTAKBANK,Private Banks,net_profit_margin_pct,25.67,85.0,Mar 2020
KOTAKBANK,Private Banks,net_profit_margin_pct,30.44,95.0,Mar 2021
KOTAKBANK,Private Banks,net_profit_margin_pct,35.83,100.0,Mar 2022
KOTAKBANK,Private Banks,net_profit_margin_pct,35.41,98.33,Mar 2023
KOTAKBANK,Private Banks,net_profit_margin_pct,32.39,96.67,Mar 2024
AXISBANK,Private Banks,debt_to_equity,8.9346,13.33,Mar 2013
AXISBANK,Private Banks,debt_to_equity,8.6801,21.67,Mar 2014
AXISBANK,Private Banks,debt_to_equity,9.0467,11.67,Mar 2015
AXISBANK,Private Banks,debt_to_equity,8.8155,18.33,Mar 2016
AXISBANK,Private Banks,debt_to_equity,9.355,5.0,Mar 2017
AXISBANK,Private Banks,debt_to_equity,9.5227,1.67,Mar 2018
AXISBANK,Private Banks,debt_to_equity,10.5011,0.0,Mar 2019
AXISBANK,Private Banks,debt_to_equity,9.2349,6.67,Mar 2020
AXISBANK,Private Banks,debt_to_equity,8.2104,33.33,Mar 2021
AXISBANK,Private Banks,debt_to_equity,8.633,23.33,Mar 2022
AXISBANK,Private Banks,debt_to_equity,8.8768,16.67,Mar 2023
AXISBANK,Private Banks,debt_to_equity,8.2491,31.67,Mar 2024
HDFCBANK,Private Banks,debt_to_equity,9.1583,8.33,Mar 2013
HDFCBANK,Private Banks,debt_to_equity,9.4341,3.33,Mar 2014
HDFCBANK,Private Banks,debt_to_equity,8.0717,36.67,Mar 2015
HDFCBANK,Private Banks,debt_to_equity,8.7423,20.0,Mar 2016
HDFCBANK,Private Banks,debt_to_equity,8.0784,35.0,Mar 2017
HDFCBANK,Private Banks,debt_to_equity,8.6207,25.0,Mar 2018
HDFCBANK,Private Banks,debt_to_equity,7.0294,65.0,Mar 2019
HDFCBANK,Private Banks,debt_to_equity,7.5587,43.33,Mar 2020
HDFCBANK,Private Banks,debt_to_equity,7.2037,51.67,Mar 2021
HDFCBANK,Private Banks,debt_to_equity,7.217,50.0,Mar 2022
HDFCBANK,Private Banks,debt_to_equity,7.3909,45.0,Mar 2023
HDFCBANK,Private Banks,debt_to_equity,6.8088,71.67,Mar 2024
ICICIBANK,Private Banks,debt_to_equity,7.0919,58.33,Mar 2013
ICICIBANK,Private Banks,debt_to_equity,7.1053,56.67,Mar 2014
ICICIBANK,Private Banks,debt_to_equity,7.0504,63.33,Mar 2015
ICICIBANK,Private Banks,debt_to_equity,7.1347,55.0,Mar 2016
ICICIBANK,Private Banks,debt_to_equity,6.6985,73.33,Mar 2017
ICICIBANK,Private Banks,debt_to_equity,7.3687,46.67,Mar 2018
ICICIBANK,Private Banks,debt_to_equity,7.8041,40.0,Mar 2019
ICICIBANK,Private Banks,debt_to_equity,8.2518,30.0,Mar 2020
ICICIBANK,Private Banks,debt_to_equity,7.0046,66.67,Mar 2021
ICICIBANK,Private Banks,debt_to_equity,6.8824,70.0,Mar 2022
ICICIBANK,Private Banks,debt_to_equity,6.5264,76.67,Mar 2023
ICICIBANK,Private Banks,debt_to_equity,6.4456,78.33,Mar 2024
INDUSINDBK,Private Banks,debt_to_equity,8.3324,26.67,Mar 2013
INDUSINDBK,Private Banks,debt_to_equity,8.3229,28.33,Mar 2014
INDUSINDBK,Private Banks,debt_to_equity,8.9019,15.0,Mar 2015
INDUSINDBK,Private Banks,debt_to_equity,6.6679,75.0,Mar 2016
INDUSINDBK,Private Banks,debt_to_equity,7.2182,48.33,Mar 2017
INDUSINDBK,Private Banks,debt_to_equity,7.9664,38.33,Mar 2018
INDUSINDBK,Private Banks,debt_to_equity,9.0755,10.0,Mar 2019
INDUSINDBK,Private Banks,debt_to_equity,7.5718,41.67,Mar 2020
INDUSINDBK,Private Banks,debt_to_equity,7.0916,60.0,Mar 2021
INDUSINDBK,Private Banks,debt_to_equity,7.1493,53.33,Mar 2022
INDUSINDBK,Private Banks,debt_to_equity,7.0567,61.67,Mar 2023
INDUSINDBK,Private Banks,debt_to_equity,6.8857,68.33,Mar 2024
KOTAKBANK,Private Banks,debt_to_equity,5.6043,80.0,Mar 2013
KOTAKBANK,Private Banks,debt_to_equity,4.5031,91.67,Mar 2014
KOTAKBANK,Private Banks,debt_to_equity,4.7056,90.0,Mar 2015
KOTAKBANK,Private Banks,debt_to_equity,5.3854,81.67,Mar 2016
KOTAKBANK,Private Banks,debt_to_equity,5.3318,83.33,Mar 2017
KOTAKBANK,Private Banks,debt_to_equity,4.9485,86.67,Mar 2018
KOTAKBANK,Private Banks,debt_to_equity,5.0495,85.0,Mar 2019
KOTAKBANK,Private Banks,debt_to_equity,4.8993,88.33,Mar 2020
KOTAKBANK,Private Banks,debt_to_equity,3.8785,95.0,Mar 2021
KOTAKBANK,Private Banks,debt_to_equity,3.7837,96.67,Mar 2022
KOTAKBANK,Private Banks,debt_to_equity,3.7456,98.33,Mar 2023
KOTAKBANK,Private Banks,debt_to_equity,4.0037,93.33,Mar 2024
AXISBANK,Private Banks,interest_coverage,1.2697,23.33,Mar 2013
AXISBANK,Private Banks,interest_coverage,1.3034,36.67,Mar 2014
AXISBANK,Private Banks,interest_coverage,1.3313,40.0,Mar 2015
AXISBANK,Private Banks,interest_coverage,1.4273,55.0,Mar 2016
AXISBANK,Private Banks,interest_coverage,2.0353,90.0,Mar 2017
AXISBANK,Private Banks,interest_coverage,2.6327,100.0,Mar 2018
AXISBANK,Private Banks,interest_coverage,2.0674,91.67,Mar 2019
AXISBANK,Private Banks,interest_coverage,2.2559,95.0,Mar 2020
AXISBANK,Private Banks,interest_coverage,2.5885,98.33,Mar 2021
AXISBANK,Private Banks,interest_coverage,1.9688,88.33,Mar 2022
AXISBANK,Private Banks,interest_coverage,1.8029,71.67,Mar 2023
AXISBANK,Private Banks,interest_coverage,1.6912,63.33,Mar 2024
HDFCBANK,Private Banks,interest_coverage,1.7722,66.67,Mar 2013
HDFCBANK,Private Banks,interest_coverage,1.6294,60.0,Mar 2014
HDFCBANK,Private Banks,interest_coverage,1.6947,65.0,Mar 2015
HDFCBANK,Private Banks,interest_coverage,1.79,70.0,Mar 2016
HDFCBANK,Private Banks,interest_coverage,1.8498,80.0,Mar 2017
HDFCBANK,Private Banks,interest_coverage,1.8402,76.67,Mar 2018
HDFCBANK,Private Banks,interest_coverage,1.8405,78.33,Mar 2019
HDFCBANK,Private Banks,interest_coverage,1.8277,75.0,Mar 2020
HDFCBANK,Private Banks,interest_coverage,1.9197,86.67,Mar 2021
HDFCBANK,Private Banks,interest_coverage,1.7813,68.33,Mar 2022
HDFCBANK,Private Banks,interest_coverage,1.8595,81.67,Mar 2023
HDFCBANK,Private Banks,interest_coverage,1.4008,51.67,Mar 2024
ICICIBANK,Private Banks,interest_coverage,1.0795,1.67,Mar 2013
ICICIBANK,Private Banks,interest_coverage,1.0911,3.33,Mar 2014
ICICIBANK,Private Banks,interest_coverage,1.0989,5.0,Mar 2015
ICICIBANK,Private Banks,interest_coverage,1.24,18.33,Mar 2016
ICICIBANK,Private Banks,interest_coverage,1.2158,8.33,Mar 2017
ICICIBANK,Private Banks,interest_coverage,1.2804,28.33,Mar 2018
ICICIBANK,Private Banks,interest_coverage,1.4109,53.33,Mar 2019
ICICIBANK,Private Banks,interest_coverage,1.3134,38.33,Mar 2020
ICICIBANK,Private Banks,interest_coverage,1.2644,21.67,Mar 2021
ICICIBANK,Private Banks,interest_coverage,1.3,33.33,Mar 2022
ICICIBANK,Private Banks,interest_coverage,1.3492,45.0,Mar 2023
ICICIBANK,Private Banks,interest_coverage,1.3009,35.0,Mar 2024
INDUSINDBK,Private Banks,interest_coverage,1.4314,56.67,Mar 2013
INDUSINDBK,Private Banks,interest_coverage,1.3533,46.67,Mar 2014
INDUSINDBK,Private Banks,interest_coverage,1.2308,15.0,Mar 2015
INDUSINDBK,Private Banks,interest_coverage,1.2712,26.67,Mar 2016
INDUSINDBK,Private Banks,interest_coverage,1.3635,48.33,Mar 2017
INDUSINDBK,Private Banks,interest_coverage,1.3811,50.0,Mar 2018
INDUSINDBK,Private Banks,interest_coverage,1.6435,61.67,Mar 2019
INDUSINDBK,Private Banks,interest_coverage,1.814,73.33,Mar 2020
INDUSINDBK,Private Banks,interest_coverage,2.4376,96.67,Mar 2021
INDUSINDBK,Private Banks,interest_coverage,2.1594,93.33,Mar 2022
INDUSINDBK,Private Banks,interest_coverage,1.9019,85.0,Mar 2023
INDUSINDBK,Private Banks,interest_coverage,1.8795,83.33,Mar 2024
KOTAKBANK,Private Banks,interest_coverage,1.2883,31.67,Mar 2013
KOTAKBANK,Private Banks,interest_coverage,1.333,41.67,Mar 2014
KOTAKBANK,Private Banks,interest_coverage,1.189,6.67,Mar 2015
KOTAKBANK,Private Banks,interest_coverage,1.5109,58.33,Mar 2016
KOTAKBANK,Private Banks,interest_coverage,1.2705,25.0,Mar 2017
KOTAKBANK,Private Banks,interest_coverage,1.2271,11.67,Mar 2018
KOTAKBANK,Private Banks,interest_coverage,1.2225,10.0,Mar 2019
KOTAKBANK,Private Banks,interest_coverage,1.3357,43.33,Mar 2020
KOTAKBANK,Private Banks,interest_coverage,1.2626,20.0,Mar 2021
KOTAKBANK,Private Banks,interest_coverage,1.2299,13.33,Mar 2022
KOTAKBANK,Private Banks,interest_coverage,1.2878,30.0,Mar 2023
KOTAKBANK,Private Banks,interest_coverage,1.2364,16.67,Mar 2024
AXISBANK,Private Banks,asset_turnover,0.0798,66.67,Mar 2013
AXISBANK,Private Banks,asset_turnover,0.0793,63.33,Mar 2014
AXISBANK,Private Banks,asset_turnover,0.0759,55.0,Mar 2015
AXISBANK,Private Banks,asset_turnover,0.075,50.0,Mar 2016
AXISBANK,Private Banks,asset_turnover,0.0728,45.0,Mar 2017
AXISBANK,Private Banks,asset_turnover,0.0651,23.33,Mar 2018
AXISBANK,Private Banks,asset_turnover,0.0675,32.5,Mar 2019
AXISBANK,Private Banks,asset_turnover,0.0675,32.5,Mar 2020
AXISBANK,Private Banks,asset_turnover,0.0633,17.5,Mar 2021
AXISBANK,Private Banks,asset_turnover,0.0563,5.0,Mar 2022
AXISBANK,Private Banks,asset_turnover,0.0633,17.5,Mar 2023
AXISBANK,Private Banks,asset_turnover,0.072,43.33,Mar 2024
HDFCBANK,Private Banks,asset_turnover,0.088,88.33,Mar 2013
HDFCBANK,Private Banks,asset_turnover,0.0845,83.33,Mar 2014
HDFCBANK,Private Banks,asset_turnover,0.0835,81.67,Mar 2015
HDFCBANK,Private Banks,asset_turnover,0.0829,78.33,Mar 2016
HDFCBANK,Private Banks,asset_turnover,0.0821,76.67,Mar 2017
HDFCBANK,Private Banks,asset_turnover,0.0773,59.17,Mar 2018
HDFCBANK,Private Banks,asset_turnover,0.0813,75.0,Mar 2019
HDFCBANK,Private Banks,asset_turnover,0.0773,59.17,Mar 2020
HDFCBANK,Private Banks,asset_turnover,0.0714,41.67,Mar 2021
HDFCBANK,Private Banks,asset_turnover,0.064,20.0,Mar 2022
HDFCBANK,Private Banks,asset_turnover,0.0675,32.5,Mar 2023
HDFCBANK,Private Banks,asset_turnover,0.0704,40.0,Mar 2024
ICICIBANK,Private Banks,asset_turnover,0.0665,27.5,Mar 2013
ICICIBANK,Private Banks,asset_turnover,0.0662,25.0,Mar 2014
ICICIBANK,Private Banks,asset_turnover,0.0665,27.5,Mar 2015
ICICIBANK,Private Banks,asset_turnover,0.0645,21.67,Mar 2016
ICICIBANK,Private Banks,asset_turnover,0.0618,14.17,Mar 2017
ICICIBANK,Private Banks,asset_turnover,0.0553,3.33,Mar 2018
ICICIBANK,Private Banks,asset_turnover,0.0581,8.33,Mar 2019
ICICIBANK,Private Banks,asset_turnover,0.0616,10.0,Mar 2020
ICICIBANK,Private Banks,asset_turnover,0.0567,6.67,Mar 2021
ICICIBANK,Private Banks,asset_turnover,0.0544,1.67,Mar 2022
ICICIBANK,Private Banks,asset_turnover,0.0618,14.17,Mar 2023
ICICIBANK,Private Banks,asset_turnover,0.0675,32.5,Mar 2024
INDUSINDBK,Private Banks,asset_turnover,0.0953,98.33,Mar 2013
INDUSINDBK,Private Banks,asset_turnover,0.0948,96.67,Mar 2014
INDUSINDBK,Private Banks,asset_turnover,0.0867,86.67,Mar 2015
INDUSINDBK,Private Banks,asset_turnover,0.0831,80.0,Mar 2016
INDUSINDBK,Private Banks,asset_turnover,0.0806,71.67,Mar 2017
INDUSINDBK,Private Banks,asset_turnover,0.078,61.67,Mar 2018
INDUSINDBK,Private Banks,asset_turnover,0.0801,70.0,Mar 2019
INDUSINDBK,Private Banks,asset_turnover,0.0937,95.0,Mar 2020
INDUSINDBK,Private Banks,asset_turnover,0.0799,68.33,Mar 2021
INDUSINDBK,Private Banks,asset_turnover,0.0767,56.67,Mar 2022
INDUSINDBK,Private Banks,asset_turnover,0.0794,65.0,Mar 2023
INDUSINDBK,Private Banks,asset_turnover,0.0888,90.0,Mar 2024
KOTAKBANK,Private Banks,asset_turnover,0.0936,93.33,Mar 2013
KOTAKBANK,Private Banks,asset_turnover,0.0981,100.0,Mar 2014
KOTAKBANK,Private Banks,asset_turnover,0.0897,91.67,Mar 2015
KOTAKBANK,Private Banks,asset_turnover,0.0847,85.0,Mar 2016
KOTAKBANK,Private Banks,asset_turnover,0.0808,73.33,Mar 2017
KOTAKBANK,Private Banks,asset_turnover,0.0744,48.33,Mar 2018
KOTAKBANK,Private Banks,asset_turnover,0.0755,52.5,Mar 2019
KOTAKBANK,Private Banks,asset_turnover,0.0755,52.5,Mar 2020
KOTAKBANK,Private Banks,asset_turnover,0.0685,38.33,Mar 2021
KOTAKBANK,Private Banks,asset_turnover,0.0617,11.67,Mar 2022
KOTAKBANK,Private Banks,asset_turnover,0.0679,36.67,Mar 2023
KOTAKBANK,Private Banks,asset_turnover,0.0733,46.67,Mar 2024
BAJFINANCE,Consumer Finance,return_on_equity_pct,18.71,82.35,Mar 2015
BAJFINANCE,Consumer Finance,return_on_equity_pct,17.22,64.71,Mar 2016
BAJFINANCE,Consumer Finance,return_on_equity_pct,19.13,88.24,Mar 2017
BAJFINANCE,Consumer Finance,return_on_equity_pct,15.75,35.29,Mar 2018
BAJFINANCE,Consumer Finance,return_on_equity_pct,20.28,97.06,Mar 2019
BAJFINANCE,Consumer Finance,return_on_equity_pct,16.28,55.88,Mar 2020
BAJFINANCE,Consumer Finance,return_on_equity_pct,11.97,17.65,Mar 2021
BAJFINANCE,Consumer Finance,return_on_equity_pct,16.08,47.06,Mar 2022
BAJFINANCE,Consumer Finance,return_on_equity_pct,21.17,100.0,Mar 2023
BAJFINANCE,Consumer Finance,return_on_equity_pct,18.84,85.29,Mar 2024
CHOLAFIN,Consumer Finance,return_on_equity_pct,15.78,38.24,Mar 2013
CHOLAFIN,Consumer Finance,return_on_equity_pct,16.09,50.0,Mar 2014
CHOLAFIN,Consumer Finance,return_on_equity_pct,16.6,58.82,Mar 2015
CHOLAFIN,Consumer Finance,return_on_equity_pct,15.67,32.35,Mar 2016
CHOLAFIN,Consumer Finance,return_on_equity_pct,16.71,61.76,Mar 2017
CHOLAFIN,Consumer Finance,return_on_equity_pct,17.91,70.59,Mar 2018
CHOLAFIN,Consumer Finance,return_on_equity_pct,19.28,91.18,Mar 2019
CHOLAFIN,Consumer Finance,return_on_equity_pct,12.85,20.59,Mar 2020
CHOLAFIN,Consumer Finance,return_on_equity_pct,15.84,41.18,Mar 2021
CHOLAFIN,Consumer Finance,return_on_equity_pct,18.3,73.53,Mar 2022
CHOLAFIN,Consumer Finance,return_on_equity_pct,18.58,76.47,Mar 2023
CHOLAFIN,Consumer Finance,return_on_equity_pct,17.46,67.65,Mar 2024
SHRIRAMFIN,Consumer Finance,return_on_equity_pct,19.94,94.12,Mar 2013
SHRIRAMFIN,Consumer Finance,return_on_equity_pct,15.96,44.12,Mar 2014
SHRIRAMFIN,Consumer Finance,return_on_equity_pct,11.09,5.88,Mar 2015
SHRIRAMFIN,Consumer Finance,return_on_equity_pct,11.64,14.71,Mar 2016
SHRIRAMFIN,Consumer Finance,return_on_equity_pct,11.17,8.82,Mar 2017
SHRIRAMFIN,Consumer Finance,return_on_equity_pct,18.62,79.41,Mar 2018
SHRIRAMFIN,Consumer Finance,return_on_equity_pct,16.14,52.94,Mar 2019
SHRIRAMFIN,Consumer Finance,return_on_equity_pct,13.85,26.47,Mar 2020
SHRIRAMFIN,Consumer Finance,return_on_equity_pct,11.51,11.76,Mar 2021
SHRIRAMFIN,Consumer Finance,return_on_equity_pct,10.43,2.94,Mar 2022
SHRIRAMFIN,Consumer Finance,return_on_equity_pct,13.84,23.53,Mar 2023
SHRIRAMFIN,Consumer Finance,return_on_equity_pct,15.12,29.41,Mar 2024
BAJFINANCE,Consumer Finance,operating_profit_margin_pct,1367.0,52.94,Mar 2015
BAJFINANCE,Consumer Finance,operating_profit_margin_pct,1986.0,64.71,Mar 2016
BAJFINANCE,Consumer Finance,operating_profit_margin_pct,2867.0,70.59,Mar 2017
BAJFINANCE,Consumer Finance,operating_profit_margin_pct,3935.0,79.41,Mar 2018
BAJFINANCE,Consumer Finance,operating_profit_margin_pct,6310.0,85.29,Mar 2019
BAJFINANCE,Consumer Finance,operating_profit_margin_pct,7608.0,91.18,Mar 2020
BAJFINANCE,Consumer Finance,operating_profit_margin_pct,6314.0,88.24,Mar 2021
BAJFINANCE,Consumer Finance,operating_profit_margin_pct,9906.0,94.12,Mar 2022
BAJFINANCE,Consumer Finance,operating_profit_margin_pct,16018.0,97.06,Mar 2023
BAJFINANCE,Consumer Finance,operating_profit_margin_pct,19987.0,100.0,Mar 2024
CHOLAFIN,Consumer Finance,operating_profit_margin_pct,472.0,38.24,Mar 2013
CHOLAFIN,Consumer Finance,operating_profit_margin_pct,578.0,41.18,Mar 2014
CHOLAFIN,Consumer Finance,operating_profit_margin_pct,696.0,44.12,Mar 2015
CHOLAFIN,Consumer Finance,operating_profit_margin_pct,899.0,47.06,Mar 2016
CHOLAFIN,Consumer Finance,operating_profit_margin_pct,1143.0,50.0,Mar 2017
CHOLAFIN,Consumer Finance,operating_profit_margin_pct,1451.0,55.88,Mar 2018
CHOLAFIN,Consumer Finance,operating_profit_margin_pct,1888.0,61.76,Mar 2019
CHOLAFIN,Consumer Finance,operating_profit_margin_pct,1699.0,58.82,Mar 2020
CHOLAFIN,Consumer Finance,operating_profit_margin_pct,2094.0,67.65,Mar 2021
CHOLAFIN,Consumer Finance,operating_profit_margin_pct,2924.0,73.53,Mar 2022
CHOLAFIN,Consumer Finance,operating_profit_margin_pct,3515.0,76.47,Mar 2023
CHOLAFIN,Consumer Finance,operating_profit_margin_pct,4548.0,82.35,Mar 2024
SHRIRAMFIN,Consumer Finance,operating_profit_margin_pct,31.0,35.29,Mar 2013
SHRIRAMFIN,Consumer Finance,operating_profit_margin_pct,24.0,22.06,Mar 2014
SHRIRAMFIN,Consumer Finance,operating_profit_margin_pct,18.0,5.88,Mar 2015
SHRIRAMFIN,Consumer Finance,operating_profit_margin_pct,18.0,5.88,Mar 2016
SHRIRAMFIN,Consumer Finance,operating_profit_margin_pct,18.0,5.88,Mar 2017
SHRIRAMFIN,Consumer Finance,operating_profit_margin_pct,28.0,26.47,Mar 2018
SHRIRAMFIN,Consumer Finance,operating_profit_margin_pct,24.0,22.06,Mar 2019
SHRIRAMFIN,Consumer Finance,operating_profit_margin_pct,22.0,17.65,Mar 2020
SHRIRAMFIN,Consumer Finance,operating_profit_margin_pct,20.0,14.71,Mar 2021
SHRIRAMFIN,Consumer Finance,operating_profit_margin_pct,19.0,11.76,Mar 2022
SHRIRAMFIN,Consumer Finance,operating_profit_margin_pct,29.0,30.88,Mar 2023
SHRIRAMFIN,Consumer Finance,operating_profit_margin_pct,29.0,30.88,Mar 2024
BAJFINANCE,Consumer Finance,net_profit_margin_pct,16.65,52.94,Mar 2015
BAJFINANCE,Consumer Finance,net_profit_margin_pct,17.52,58.82,Mar 2016
BAJFINANCE,Consumer Finance,net_profit_margin_pct,18.42,64.71,Mar 2017
BAJFINANCE,Consumer Finance,net_profit_margin_pct,19.58,70.59,Mar 2018
BAJFINANCE,Consumer Finance,net_profit_margin_pct,21.61,91.18,Mar 2019
BAJFINANCE,Consumer Finance,net_profit_margin_pct,19.96,76.47,Mar 2020
BAJFINANCE,Consumer Finance,net_profit_margin_pct,16.57,47.06,Mar 2021
BAJFINANCE,Consumer Finance,net_profit_margin_pct,22.21,94.12,Mar 2022
BAJFINANCE,Consumer Finance,net_profit_margin_pct,27.79,100.0,Mar 2023
BAJFINANCE,Consumer Finance,net_profit_margin_pct,26.29,97.06,Mar 2024
CHOLAFIN,Consumer Finance,net_profit_margin_pct,11.98,17.65,Mar 2013
CHOLAFIN,Consumer Finance,net_profit_margin_pct,11.22,5.88,Mar 2014
CHOLAFIN,Consumer Finance,net_profit_margin_pct,11.95,14.71,Mar 2015
CHOLAFIN,Consumer Finance,net_profit_margin_pct,13.64,23.53,Mar 2016
CHOLAFIN,Consumer Finance,net_profit_margin_pct,15.3,35.29,Mar 2017
CHOLAFIN,Consumer Finance,net_profit_margin_pct,16.51,44.12,Mar 2018
CHOLAFIN,Consumer Finance,net_profit_margin_pct,16.84,55.88,Mar 2019
CHOLAFIN,Consumer Finance,net_profit_margin_pct,12.1,20.59,Mar 2020
CHOLAFIN,Consumer Finance,net_profit_margin_pct,15.87,38.24,Mar 2021
CHOLAFIN,Consumer Finance,net_profit_margin_pct,21.23,88.24,Mar 2022
CHOLAFIN,Consumer Finance,net_profit_margin_pct,20.68,82.35,Mar 2023
CHOLAFIN,Consumer Finance,net_profit_margin_pct,17.85,61.76,Mar 2024
SHRIRAMFIN,Consumer Finance,net_profit_margin_pct,20.87,85.29,Mar 2013
SHRIRAMFIN,Consumer Finance,net_profit_margin_pct,16.02,41.18,Mar 2014
SHRIRAMFIN,Consumer Finance,net_profit_margin_pct,11.2,2.94,Mar 2015
SHRIRAMFIN,Consumer Finance,net_profit_margin_pct,11.43,8.82,Mar 2016
SHRIRAMFIN,Consumer Finance,net_profit_margin_pct,11.61,11.76,Mar 2017
SHRIRAMFIN,Consumer Finance,net_profit_margin_pct,18.88,67.65,Mar 2018
SHRIRAMFIN,Consumer Finance,net_profit_margin_pct,16.58,50.0,Mar 2019
SHRIRAMFIN,Consumer Finance,net_profit_margin_pct,15.17,32.35,Mar 2020
SHRIRAMFIN,Consumer Finance,net_profit_margin_pct,14.34,29.41,Mar 2021
SHRIRAMFIN,Consumer Finance,net_profit_margin_pct,14.13,26.47,Mar 2022
SHRIRAMFIN,Consumer Finance,net_profit_margin_pct,19.74,73.53,Mar 2023
SHRIRAMFIN,Consumer Finance,net_profit_margin_pct,20.33,79.41,Mar 2024
BAJFINANCE,Consumer Finance,debt_to_equity,5.5531,38.24,Mar 2015
BAJFINANCE,Consumer Finance,debt_to_equity,4.9852,55.88,Mar 2016
BAJFINANCE,Consumer Finance,debt_to_equity,5.1302,50.0,Mar 2017
BAJFINANCE,Consumer Finance,debt_to_equity,4.1997,76.47,Mar 2018
BAJFINANCE,Consumer Finance,debt_to_equity,5.1575,47.06,Mar 2019
BAJFINANCE,Consumer Finance,debt_to_equity,4.0153,79.41,Mar 2020
BAJFINANCE,Consumer Finance,debt_to_equity,3.5656,97.06,Mar 2021
BAJFINANCE,Consumer Finance,debt_to_equity,3.7799,91.18,Mar 2022
BAJFINANCE,Consumer Finance,debt_to_equity,3.9853,85.29,Mar 2023
BAJFINANCE,Consumer Finance,debt_to_equity,3.8248,88.24,Mar 2024
CHOLAFIN,Consumer Finance,debt_to_equity,7.8222,5.88,Mar 2013
CHOLAFIN,Consumer Finance,debt_to_equity,7.9034,2.94,Mar 2014
CHOLAFIN,Consumer Finance,debt_to_equity,7.4579,11.76,Mar 2015
CHOLAFIN,Consumer Finance,debt_to_equity,6.1433,26.47,Mar 2016
CHOLAFIN,Consumer Finance,debt_to_equity,5.6005,35.29,Mar 2017
CHOLAFIN,Consumer Finance,debt_to_equity,7.479,8.82,Mar 2018
CHOLAFIN,Consumer Finance,debt_to_equity,8.1455,0.0,Mar 2019
CHOLAFIN,Consumer Finance,debt_to_equity,6.7079,20.59,Mar 2020
CHOLAFIN,Consumer Finance,debt_to_equity,6.6385,23.53,Mar 2021
CHOLAFIN,Consumer Finance,debt_to_equity,5.8776,32.35,Mar 2022
CHOLAFIN,Consumer Finance,debt_to_equity,6.7864,17.65,Mar 2023
CHOLAFIN,Consumer Finance,debt_to_equity,6.8634,14.71,Mar 2024
SHRIRAMFIN,Consumer Finance,debt_to_equity,4.5497,67.65,Mar 2013
SHRIRAMFIN,Consumer Finance,debt_to_equity,4.5394,70.59,Mar 2014
SHRIRAMFIN,Consumer Finance,debt_to_equity,5.0394,52.94,Mar 2015
SHRIRAMFIN,Consumer Finance,debt_to_equity,4.8929,61.76,Mar 2016
SHRIRAMFIN,Consumer Finance,debt_to_equity,4.6841,64.71,Mar 2017
SHRIRAMFIN,Consumer Finance,debt_to_equity,5.9993,29.41,Mar 2018
SHRIRAMFIN,Consumer Finance,debt_to_equity,5.5074,41.18,Mar 2019
SHRIRAMFIN,Consumer Finance,debt_to_equity,5.2219,44.12,Mar 2020
SHRIRAMFIN,Consumer Finance,debt_to_equity,4.9061,58.82,Mar 2021
SHRIRAMFIN,Consumer Finance,debt_to_equity,4.4011,73.53,Mar 2022
SHRIRAMFIN,Consumer Finance,debt_to_equity,3.7737,94.12,Mar 2023
SHRIRAMFIN,Consumer Finance,debt_to_equity,3.994,82.35,Mar 2024
BAJFINANCE,Consumer Finance,interest_coverage,68.3462,64.52,Mar 2015
BAJFINANCE,Consumer Finance,interest_coverage,68.0286,61.29,Mar 2016
BAJFINANCE,Consumer Finance,interest_coverage,149.0455,67.74,Mar 2017
BAJFINANCE,Consumer Finance,interest_coverage,414.6,70.97,Mar 2018
BAJFINANCE,Consumer Finance,interest_coverage,422.1538,74.19,Mar 2019
BAJFINANCE,Consumer Finance,interest_coverage,1020.8889,90.32,Mar 2020
BAJFINANCE,Consumer Finance,interest_coverage,3621.0,100.0,Mar 2021
BAJFINANCE,Consumer Finance,interest_coverage,-700.6471,6.45,Mar 2022
BAJFINANCE,Consumer Finance,interest_coverage,-2546.4,3.23,Mar 2023
BAJFINANCE,Consumer Finance,interest_coverage,2689.1667,96.77,Mar 2024
CHOLAFIN,Consumer Finance,interest_coverage,706.0,83.87,Mar 2013
CHOLAFIN,Consumer Finance,interest_coverage,950.0,87.1,Mar 2014
CHOLAFIN,Consumer Finance,interest_coverage,,,Mar 2015
CHOLAFIN,Consumer Finance,interest_coverage,643.5,80.65,Mar 2016
CHOLAFIN,Consumer Finance,interest_coverage,448.6667,77.42,Mar 2017
CHOLAFIN,Consumer Finance,interest_coverage,,,Mar 2018
CHOLAFIN,Consumer Finance,interest_coverage,1659.0,93.55,Mar 2019
CHOLAFIN,Consumer Finance,interest_coverage,,,Mar 2020
CHOLAFIN,Consumer Finance,interest_coverage,52.4107,58.06,Mar 2021
CHOLAFIN,Consumer Finance,interest_coverage,35.1786,54.84,Mar 2022
CHOLAFIN,Consumer Finance,interest_coverage,16.5818,48.39,Mar 2023
CHOLAFIN,Consumer Finance,interest_coverage,21.2118,51.61,Mar 2024
SHRIRAMFIN,Consumer Finance,interest_coverage,0.707,45.16,Mar 2013
SHRIRAMFIN,Consumer Finance,interest_coverage,0.4732,29.03,Mar 2014
SHRIRAMFIN,Consumer Finance,interest_coverage,0.3598,12.9,Mar 2015
SHRIRAMFIN,Consumer Finance,interest_coverage,0.3591,9.68,Mar 2016
SHRIRAMFIN,Consumer Finance,interest_coverage,0.378,22.58,Mar 2017
SHRIRAMFIN,Consumer Finance,interest_coverage,0.6135,35.48,Mar 2018
SHRIRAMFIN,Consumer Finance,interest_coverage,0.5052,32.26,Mar 2019
SHRIRAMFIN,Consumer Finance,interest_coverage,0.4305,25.81,Mar 2020
SHRIRAMFIN,Consumer Finance,interest_coverage,0.3758,16.13,Mar 2021
SHRIRAMFIN,Consumer Finance,interest_coverage,0.377,19.35,Mar 2022
SHRIRAMFIN,Consumer Finance,interest_coverage,0.6788,41.94,Mar 2023
SHRIRAMFIN,Consumer Finance,interest_coverage,0.6767,38.71,Mar 2024
BAJFINANCE,Consumer Finance,asset_turnover,0.1645,100.0,Mar 2015
BAJFINANCE,Consumer Finance,asset_turnover,0.1554,82.35,Mar 2016
BAJFINANCE,Consumer Finance,asset_turnover,0.1564,91.18,Mar 2017
BAJFINANCE,Consumer Finance,asset_turnover,0.1503,64.71,Mar 2018
BAJFINANCE,Consumer Finance,asset_turnover,0.1488,58.82,Mar 2019
BAJFINANCE,Consumer Finance,asset_turnover,0.1604,94.12,Mar 2020
BAJFINANCE,Consumer Finance,asset_turnover,0.1556,86.76,Mar 2021
BAJFINANCE,Consumer Finance,asset_turnover,0.1489,61.76,Mar 2022
BAJFINANCE,Consumer Finance,asset_turnover,0.1505,67.65,Mar 2023
BAJFINANCE,Consumer Finance,asset_turnover,0.1463,41.18,Mar 2024
CHOLAFIN,Consumer Finance,asset_turnover,0.141,32.35,Mar 2013
CHOLAFIN,Consumer Finance,asset_turnover,0.1522,73.53,Mar 2014
CHOLAFIN,Consumer Finance,asset_turnover,0.1556,86.76,Mar 2015
CHOLAFIN,Consumer Finance,asset_turnover,0.1511,70.59,Mar 2016
CHOLAFIN,Consumer Finance,asset_turnover,0.1534,79.41,Mar 2017
CHOLAFIN,Consumer Finance,asset_turnover,0.1259,14.71,Mar 2018
CHOLAFIN,Consumer Finance,asset_turnover,0.1236,11.76,Mar 2019
CHOLAFIN,Consumer Finance,asset_turnover,0.136,26.47,Mar 2020
CHOLAFIN,Consumer Finance,asset_turnover,0.1284,17.65,Mar 2021
CHOLAFIN,Consumer Finance,asset_turnover,0.123,8.82,Mar 2022
CHOLAFIN,Consumer Finance,asset_turnover,0.1134,2.94,Mar 2023
CHOLAFIN,Consumer Finance,asset_turnover,0.1223,5.88,Mar 2024
SHRIRAMFIN,Consumer Finance,asset_turnover,0.1483,55.88,Mar 2013
SHRIRAMFIN,Consumer Finance,asset_turnover,0.162,97.06,Mar 2014
SHRIRAMFIN,Consumer Finance,asset_turnover,0.1476,52.94,Mar 2015
SHRIRAMFIN,Consumer Finance,asset_turnover,0.1523,76.47,Mar 2016
SHRIRAMFIN,Consumer Finance,asset_turnover,0.1465,44.12,Mar 2017
SHRIRAMFIN,Consumer Finance,asset_turnover,0.1387,29.41,Mar 2018
SHRIRAMFIN,Consumer Finance,asset_turnover,0.1474,50.0,Mar 2019
SHRIRAMFIN,Consumer Finance,asset_turnover,0.1449,38.24,Mar 2020
SHRIRAMFIN,Consumer Finance,asset_turnover,0.1341,20.59,Mar 2021
SHRIRAMFIN,Consumer Finance,asset_turnover,0.1353,23.53,Mar 2022
SHRIRAMFIN,Consumer Finance,asset_turnover,0.1448,35.29,Mar 2023
SHRIRAMFIN,Consumer Finance,asset_turnover,0.1466,47.06,Mar 2024
BANKBARODA,Public Sector Banks,return_on_equity_pct,14.51,48.81,Mar 2013
BANKBARODA,Public Sector Banks,return_on_equity_pct,13.31,46.43,Mar 2014
BANKBARODA,Public Sector Banks,return_on_equity_pct,9.4,44.05,Mar 2015
BANKBARODA,Public Sector Banks,return_on_equity_pct,-11.84,19.05,Mar 2016
BANKBARODA,Public Sector Banks,return_on_equity_pct,4.31,30.95,Mar 2017
BANKBARODA,Public Sector Banks,return_on_equity_pct,-3.94,23.81,Mar 2018
BANKBARODA,Public Sector Banks,return_on_equity_pct,2.12,28.57,Mar 2019
BANKBARODA,Public Sector Banks,return_on_equity_pct,1.29,25.0,Mar 2020
BANKBARODA,Public Sector Banks,return_on_equity_pct,1.97,27.38,Mar 2021
BANKBARODA,Public Sector Banks,return_on_equity_pct,8.64,39.29,Mar 2022
BANKBARODA,Public Sector Banks,return_on_equity_pct,14.28,47.62,Mar 2023
BANKBARODA,Public Sector Banks,return_on_equity_pct,15.76,51.19,Mar 2024
CANBK,Public Sector Banks,return_on_equity_pct,11.9,45.24,Mar 2013
CANBK,Public Sector Banks,return_on_equity_pct,8.85,41.67,Mar 2014
CANBK,Public Sector Banks,return_on_equity_pct,9.02,42.86,Mar 2015
CANBK,Public Sector Banks,return_on_equity_pct,-7.82,21.43,Mar 2016
CANBK,Public Sector Banks,return_on_equity_pct,4.07,29.76,Mar 2017
CANBK,Public Sector Banks,return_on_equity_pct,-10.5,20.24,Mar 2018
CANBK,Public Sector Banks,return_on_equity_pct,1.85,26.19,Mar 2019
CANBK,Public Sector Banks,return_on_equity_pct,-4.66,22.62,Mar 2020
CANBK,Public Sector Banks,return_on_equity_pct,4.74,32.14,Mar 2021
CANBK,Public Sector Banks,return_on_equity_pct,8.799999999999999,40.48,Mar 2022
CANBK,Public Sector Banks,return_on_equity_pct,14.53,50.0,Mar 2023
CANBK,Public Sector Banks,return_on_equity_pct,16.72,52.38,Mar 2024
PNB,Public Sector Banks,return_on_equity_pct,812.3,97.62,Mar 2013
PNB,Public Sector Banks,return_on_equity_pct,812.3,97.62,Mar 2013
PNB,Public Sector Banks,return_on_equity_pct,812.3,97.62,Mar 2013
PNB,Public Sector Banks,return_on_equity_pct,812.3,97.62,Mar 2013
PNB,Public Sector Banks,return_on_equity_pct,812.3,97.62,Mar 2013
PNB,Public Sector Banks,return_on_equity_pct,393.36,91.67,Mar 2014
PNB,Public Sector Banks,return_on_equity_pct,393.36,91.67,Mar 2014
PNB,Public Sector Banks,return_on_equity_pct,393.36,91.67,Mar 2014
PNB,Public Sector Banks,return_on_equity_pct,393.36,91.67,Mar 2014
PNB,Public Sector Banks,return_on_equity_pct,393.36,91.67,Mar 2014
PNB,Public Sector Banks,return_on_equity_pct,223.24,85.71,Mar 2015
PNB,Public Sector Banks,return_on_equity_pct,223.24,85.71,Mar 2015
PNB,Public Sector Banks,return_on_equity_pct,223.24,85.71,Mar 2015
PNB,Public Sector Banks,return_on_equity_pct,223.24,85.71,Mar 2015
PNB,Public Sector Banks,return_on_equity_pct,223.24,85.71,Mar 2015
PNB,Public Sector Banks,return_on_equity_pct,-163.56,9.52,Mar 2016
PNB,Public Sector Banks,return_on_equity_pct,-163.56,9.52,Mar 2016
PNB,Public Sector Banks,return_on_equity_pct,-163.56,9.52,Mar 2016
PNB,Public Sector Banks,return_on_equity_pct,-163.56,9.52,Mar 2016
PNB,Public Sector Banks,return_on_equity_pct,-163.56,9.52,Mar 2016
PNB,Public Sector Banks,return_on_equity_pct,22.21,55.95,Mar 2017
PNB,Public Sector Banks,return_on_equity_pct,22.21,55.95,Mar 2017
PNB,Public Sector Banks,return_on_equity_pct,22.21,55.95,Mar 2017
PNB,Public Sector Banks,return_on_equity_pct,22.21,55.95,Mar 2017
PNB,Public Sector Banks,return_on_equity_pct,22.21,55.95,Mar 2017
PNB,Public Sector Banks,return_on_equity_pct,-184.37,3.57,Mar 2018
PNB,Public Sector Banks,return_on_equity_pct,-184.37,3.57,Mar 2018
PNB,Public Sector Banks,return_on_equity_pct,-184.37,3.57,Mar 2018
PNB,Public Sector Banks,return_on_equity_pct,-184.37,3.57,Mar 2018
PNB,Public Sector Banks,return_on_equity_pct,-184.37,3.57,Mar 2018
PNB,Public Sector Banks,return_on_equity_pct,-128.45,15.48,Mar 2019
PNB,Public Sector Banks,return_on_equity_pct,-128.45,15.48,Mar 2019
PNB,Public Sector Banks,return_on_equity_pct,-128.45,15.48,Mar 2019
PNB,Public Sector Banks,return_on_equity_pct,-128.45,15.48,Mar 2019
PNB,Public Sector Banks,return_on_equity_pct,-128.45,15.48,Mar 2019
PNB,Public Sector Banks,return_on_equity_pct,6.1,35.71,Mar 2020
PNB,Public Sector Banks,return_on_equity_pct,6.1,35.71,Mar 2020
PNB,Public Sector Banks,return_on_equity_pct,6.1,35.71,Mar 2020
PNB,Public Sector Banks,return_on_equity_pct,6.1,35.71,Mar 2020
PNB,Public Sector Banks,return_on_equity_pct,6.1,35.71,Mar 2020
PNB,Public Sector Banks,return_on_equity_pct,30.39,61.9,Mar 2021
PNB,Public Sector Banks,return_on_equity_pct,30.39,61.9,Mar 2021
PNB,Public Sector Banks,return_on_equity_pct,30.39,61.9,Mar 2021
PNB,Public Sector Banks,return_on_equity_pct,30.39,61.9,Mar 2021
PNB,Public Sector Banks,return_on_equity_pct,30.39,61.9,Mar 2021
PNB,Public Sector Banks,return_on_equity_pct,39.87,73.81,Mar 2022
PNB,Public Sector Banks,return_on_equity_pct,39.87,73.81,Mar 2022
PNB,Public Sector Banks,return_on_equity_pct,39.87,73.81,Mar 2022
PNB,Public Sector Banks,return_on_equity_pct,39.87,73.81,Mar 2022
PNB,Public Sector Banks,return_on_equity_pct,39.87,73.81,Mar 2022
PNB,Public Sector Banks,return_on_equity_pct,30.67,67.86,Mar 2023
PNB,Public Sector Banks,return_on_equity_pct,30.67,67.86,Mar 2023
PNB,Public Sector Banks,return_on_equity_pct,30.67,67.86,Mar 2023
PNB,Public Sector Banks,return_on_equity_pct,30.67,67.86,Mar 2023
PNB,Public Sector Banks,return_on_equity_pct,30.67,67.86,Mar 2023
PNB,Public Sector Banks,return_on_equity_pct,61.31999999999999,79.76,Mar 2024
PNB,Public Sector Banks,return_on_equity_pct,61.31999999999999,79.76,Mar 2024
PNB,Public Sector Banks,return_on_equity_pct,61.31999999999999,79.76,Mar 2024
PNB,Public Sector Banks,return_on_equity_pct,61.31999999999999,79.76,Mar 2024
PNB,Public Sector Banks,return_on_equity_pct,61.31999999999999,79.76,Mar 2024
BANKBARODA,Public Sector Banks,operating_profit_margin_pct,1006.0,91.67,Mar 2013
BANKBARODA,Public Sector Banks,operating_profit_margin_pct,809.0,83.33,Mar 2014
BANKBARODA,Public Sector Banks,operating_profit_margin_pct,902.0,87.5,Mar 2015
BANKBARODA,Public Sector Banks,operating_profit_margin_pct,-11700.0,25.0,Mar 2016
BANKBARODA,Public Sector Banks,operating_profit_margin_pct,-4372.0,62.5,Mar 2017
BANKBARODA,Public Sector Banks,operating_profit_margin_pct,-9197.0,37.5,Mar 2018
BANKBARODA,Public Sector Banks,operating_profit_margin_pct,-5414.0,58.33,Mar 2019
BANKBARODA,Public Sector Banks,operating_profit_margin_pct,-11728.0,20.83,Mar 2020
BANKBARODA,Public Sector Banks,operating_profit_margin_pct,-6957.0,50.0,Mar 2021
BANKBARODA,Public Sector Banks,operating_profit_margin_pct,-2948.0,66.67,Mar 2022
BANKBARODA,Public Sector Banks,operating_profit_margin_pct,6329.0,100.0,Mar 2023
BANKBARODA,Public Sector Banks,operating_profit_margin_pct,4102.0,95.83,Mar 2024
CANBK,Public Sector Banks,operating_profit_margin_pct,655.0,79.17,Mar 2013
CANBK,Public Sector Banks,operating_profit_margin_pct,-672.0,70.83,Mar 2014
CANBK,Public Sector Banks,operating_profit_margin_pct,-621.0,75.0,Mar 2015
CANBK,Public Sector Banks,operating_profit_margin_pct,-8008.0,41.67,Mar 2016
CANBK,Public Sector Banks,operating_profit_margin_pct,-5775.0,54.17,Mar 2017
CANBK,Public Sector Banks,operating_profit_margin_pct,-13350.0,12.5,Mar 2018
CANBK,Public Sector Banks,operating_profit_margin_pct,-11590.0,29.17,Mar 2019
CANBK,Public Sector Banks,operating_profit_margin_pct,-12867.0,16.67,Mar 2020
CANBK,Public Sector Banks,operating_profit_margin_pct,-18367.0,4.17,Mar 2021
CANBK,Public Sector Banks,operating_profit_margin_pct,-13657.0,8.33,Mar 2022
CANBK,Public Sector Banks,operating_profit_margin_pct,-9877.0,33.33,Mar 2023
CANBK,Public Sector Banks,operating_profit_margin_pct,-7745.0,45.83,Mar 2024
PNB,Public Sector Banks,operating_profit_margin_pct,,,Mar 2013
PNB,Public Sector Banks,operating_profit_margin_pct,,,Mar 2013
PNB,Public Sector Banks,operating_profit_margin_pct,,,Mar 2013
PNB,Public Sector Banks,operating_profit_margin_pct,,,Mar 2013
PNB,Public Sector Banks,operating_profit_margin_pct,,,Mar 2013
PNB,Public Sector Banks,operating_profit_margin_pct,,,Mar 2014
PNB,Public Sector Banks,operating_profit_margin_pct,,,Mar 2014
PNB,Public Sector Banks,operating_profit_margin_pct,,,Mar 2014
PNB,Public Sector Banks,operating_profit_margin_pct,,,Mar 2014
PNB,Public Sector Banks,operating_profit_margin_pct,,,Mar 2014
PNB,Public Sector Banks,operating_profit_margin_pct,,,Mar 2015
PNB,Public Sector Banks,operating_profit_margin_pct,,,Mar 2015
PNB,Public Sector Banks,operating_profit_margin_pct,,,Mar 2015
PNB,Public Sector Banks,operating_profit_margin_pct,,,Mar 2015
PNB,Public Sector Banks,operating_profit_margin_pct,,,Mar 2015
PNB,Public Sector Banks,operating_profit_margin_pct,,,Mar 2016
PNB,Public Sector Banks,operating_profit_margin_pct,,,Mar 2016
PNB,Public Sector Banks,operating_profit_margin_pct,,,Mar 2016
PNB,Public Sector Banks,operating_profit_margin_pct,,,Mar 2016
PNB,Public Sector Banks,operating_profit_margin_pct,,,Mar 2016
PNB,Public Sector Banks,operating_profit_margin_pct,,,Mar 2017
PNB,Public Sector Banks,operating_profit_margin_pct,,,Mar 2017
PNB,Public Sector Banks,operating_profit_margin_pct,,,Mar 2017
PNB,Public Sector Banks,operating_profit_margin_pct,,,Mar 2017
PNB,Public Sector Banks,operating_profit_margin_pct,,,Mar 2017
PNB,Public Sector Banks,operating_profit_margin_pct,,,Mar 2018
PNB,Public Sector Banks,operating_profit_margin_pct,,,Mar 2018
PNB,Public Sector Banks,operating_profit_margin_pct,,,Mar 2018
PNB,Public Sector Banks,operating_profit_margin_pct,,,Mar 2018
PNB,Public Sector Banks,operating_profit_margin_pct,,,Mar 2018
PNB,Public Sector Banks,operating_profit_margin_pct,,,Mar 2019
PNB,Public Sector Banks,operating_profit_margin_pct,,,Mar 2019
PNB,Public Sector Banks,operating_profit_margin_pct,,,Mar 2019
PNB,Public Sector Banks,operating_profit_margin_pct,,,Mar 2019
PNB,Public Sector Banks,operating_profit_margin_pct,,,Mar 2019
PNB,Public Sector Banks,operating_profit_margin_pct,,,Mar 2020
PNB,Public Sector Banks,operating_profit_margin_pct,,,Mar 2020
PNB,Public Sector Banks,operating_profit_margin_pct,,,Mar 2020
PNB,Public Sector Banks,operating_profit_margin_pct,,,Mar 2020
PNB,Public Sector Banks,operating_profit_margin_pct,,,Mar 2020
PNB,Public Sector Banks,operating_profit_margin_pct,,,Mar 2021
PNB,Public Sector Banks,operating_profit_margin_pct,,,Mar 2021
PNB,Public Sector Banks,operating_profit_margin_pct,,,Mar 2021
PNB,Public Sector Banks,operating_profit_margin_pct,,,Mar 2021
PNB,Public Sector Banks,operating_profit_margin_pct,,,Mar 2021
PNB,Public Sector Banks,operating_profit_margin_pct,,,Mar 2022
PNB,Public Sector Banks,operating_profit_margin_pct,,,Mar 2022
PNB,Public Sector Banks,operating_profit_margin_pct,,,Mar 2022
PNB,Public Sector Banks,operating_profit_margin_pct,,,Mar 2022
PNB,Public Sector Banks,operating_profit_margin_pct,,,Mar 2022
PNB,Public Sector Banks,operating_profit_margin_pct,,,Mar 2023
PNB,Public Sector Banks,operating_profit_margin_pct,,,Mar 2023
PNB,Public Sector Banks,operating_profit_margin_pct,,,Mar 2023
PNB,Public Sector Banks,operating_profit_margin_pct,,,Mar 2023
PNB,Public Sector Banks,operating_profit_margin_pct,,,Mar 2023
PNB,Public Sector Banks,operating_profit_margin_pct,,,Mar 2024
PNB,Public Sector Banks,operating_profit_margin_pct,,,Mar 2024
PNB,Public Sector Banks,operating_profit_margin_pct,,,Mar 2024
PNB,Public Sector Banks,operating_profit_margin_pct,,,Mar 2024
PNB,Public Sector Banks,operating_profit_margin_pct,,,Mar 2024
BANKBARODA,Public Sector Banks,net_profit_margin_pct,13.25,96.43,Mar 2013
BANKBARODA,Public Sector Banks,net_profit_margin_pct,12.45,94.05,Mar 2014
BANKBARODA,Public Sector Banks,net_profit_margin_pct,8.790000000000001,85.12,Mar 2015
BANKBARODA,Public Sector Banks,net_profit_margin_pct,-10.99,13.1,Mar 2016
BANKBARODA,Public Sector Banks,net_profit_margin_pct,4.17,54.76,Mar 2017
BANKBARODA,Public Sector Banks,net_profit_margin_pct,-3.99,22.62,Mar 2018
BANKBARODA,Public Sector Banks,net_profit_margin_pct,2.2,34.52,Mar 2019
BANKBARODA,Public Sector Banks,net_profit_margin_pct,1.24,30.95,Mar 2020
BANKBARODA,Public Sector Banks,net_profit_margin_pct,2.18,33.33,Mar 2021
BANKBARODA,Public Sector Banks,net_profit_margin_pct,10.81,86.9,Mar 2022
BANKBARODA,Public Sector Banks,net_profit_margin_pct,15.88,98.81,Mar 2023
BANKBARODA,Public Sector Banks,net_profit_margin_pct,15.94,100.0,Mar 2024
CANBK,Public Sector Banks,net_profit_margin_pct,8.790000000000001,85.12,Mar 2013
CANBK,Public Sector Banks,net_profit_margin_pct,6.75,64.29,Mar 2014
CANBK,Public Sector Banks,net_profit_margin_pct,6.69,63.1,Mar 2015
CANBK,Public Sector Banks,net_profit_margin_pct,-5.76,21.43,Mar 2016
CANBK,Public Sector Banks,net_profit_margin_pct,3.4,47.62,Mar 2017
CANBK,Public Sector Banks,net_profit_margin_pct,-9.370000000000001,14.29,Mar 2018
CANBK,Public Sector Banks,net_profit_margin_pct,1.45,32.14,Mar 2019
CANBK,Public Sector Banks,net_profit_margin_pct,-3.86,23.81,Mar 2020
CANBK,Public Sector Banks,net_profit_margin_pct,4.21,55.95,Mar 2021
CANBK,Public Sector Banks,net_profit_margin_pct,8.72,83.33,Mar 2022
CANBK,Public Sector Banks,net_profit_margin_pct,13.21,95.24,Mar 2023
CANBK,Public Sector Banks,net_profit_margin_pct,13.94,97.62,Mar 2024
PNB,Public Sector Banks,net_profit_margin_pct,11.66,90.48,Mar 2013
PNB,Public Sector Banks,net_profit_margin_pct,11.66,90.48,Mar 2013
PNB,Public Sector Banks,net_profit_margin_pct,11.66,90.48,Mar 2013
PNB,Public Sector Banks,net_profit_margin_pct,11.66,90.48,Mar 2013
PNB,Public Sector Banks,net_profit_margin_pct,11.66,90.48,Mar 2013
PNB,Public Sector Banks,net_profit_margin_pct,8.17,73.81,Mar 2014
PNB,Public Sector Banks,net_profit_margin_pct,8.17,73.81,Mar 2014
PNB,Public Sector Banks,net_profit_margin_pct,8.17,73.81,Mar 2014
PNB,Public Sector Banks,net_profit_margin_pct,8.17,73.81,Mar 2014
PNB,Public Sector Banks,net_profit_margin_pct,8.17,73.81,Mar 2014
PNB,Public Sector Banks,net_profit_margin_pct,7.24,67.86,Mar 2015
PNB,Public Sector Banks,net_profit_margin_pct,7.24,67.86,Mar 2015
PNB,Public Sector Banks,net_profit_margin_pct,7.24,67.86,Mar 2015
PNB,Public Sector Banks,net_profit_margin_pct,7.24,67.86,Mar 2015
PNB,Public Sector Banks,net_profit_margin_pct,7.24,67.86,Mar 2015
PNB,Public Sector Banks,net_profit_margin_pct,-6.909999999999999,17.86,Mar 2016
PNB,Public Sector Banks,net_profit_margin_pct,-6.909999999999999,17.86,Mar 2016
PNB,Public Sector Banks,net_profit_margin_pct,-6.909999999999999,17.86,Mar 2016
PNB,Public Sector Banks,net_profit_margin_pct,-6.909999999999999,17.86,Mar 2016
PNB,Public Sector Banks,net_profit_margin_pct,-6.909999999999999,17.86,Mar 2016
PNB,Public Sector Banks,net_profit_margin_pct,2.58,38.1,Mar 2017
PNB,Public Sector Banks,net_profit_margin_pct,2.58,38.1,Mar 2017
PNB,Public Sector Banks,net_profit_margin_pct,2.58,38.1,Mar 2017
PNB,Public Sector Banks,net_profit_margin_pct,2.58,38.1,Mar 2017
PNB,Public Sector Banks,net_profit_margin_pct,2.58,38.1,Mar 2017
PNB,Public Sector Banks,net_profit_margin_pct,-24.86,3.57,Mar 2018
PNB,Public Sector Banks,net_profit_margin_pct,-24.86,3.57,Mar 2018
PNB,Public Sector Banks,net_profit_margin_pct,-24.86,3.57,Mar 2018
PNB,Public Sector Banks,net_profit_margin_pct,-24.86,3.57,Mar 2018
PNB,Public Sector Banks,net_profit_margin_pct,-24.86,3.57,Mar 2018
PNB,Public Sector Banks,net_profit_margin_pct,-18.31,9.52,Mar 2019
PNB,Public Sector Banks,net_profit_margin_pct,-18.31,9.52,Mar 2019
PNB,Public Sector Banks,net_profit_margin_pct,-18.31,9.52,Mar 2019
PNB,Public Sector Banks,net_profit_margin_pct,-18.31,9.52,Mar 2019
PNB,Public Sector Banks,net_profit_margin_pct,-18.31,9.52,Mar 2019
PNB,Public Sector Banks,net_profit_margin_pct,0.88,27.38,Mar 2020
PNB,Public Sector Banks,net_profit_margin_pct,0.88,27.38,Mar 2020
PNB,Public Sector Banks,net_profit_margin_pct,0.88,27.38,Mar 2020
PNB,Public Sector Banks,net_profit_margin_pct,0.88,27.38,Mar 2020
PNB,Public Sector Banks,net_profit_margin_pct,0.88,27.38,Mar 2020
PNB,Public Sector Banks,net_profit_margin_pct,3.29,44.05,Mar 2021
PNB,Public Sector Banks,net_profit_margin_pct,3.29,44.05,Mar 2021
PNB,Public Sector Banks,net_profit_margin_pct,3.29,44.05,Mar 2021
PNB,Public Sector Banks,net_profit_margin_pct,3.29,44.05,Mar 2021
PNB,Public Sector Banks,net_profit_margin_pct,3.29,44.05,Mar 2021
PNB,Public Sector Banks,net_profit_margin_pct,5.13,59.52,Mar 2022
PNB,Public Sector Banks,net_profit_margin_pct,5.13,59.52,Mar 2022
PNB,Public Sector Banks,net_profit_margin_pct,5.13,59.52,Mar 2022
PNB,Public Sector Banks,net_profit_margin_pct,5.13,59.52,Mar 2022
PNB,Public Sector Banks,net_profit_margin_pct,5.13,59.52,Mar 2022
PNB,Public Sector Banks,net_profit_margin_pct,3.87,51.19,Mar 2023
PNB,Public Sector Banks,net_profit_margin_pct,3.87,51.19,Mar 2023
PNB,Public Sector Banks,net_profit_margin_pct,3.87,51.19,Mar 2023
PNB,Public Sector Banks,net_profit_margin_pct,3.87,51.19,Mar 2023
PNB,Public Sector Banks,net_profit_margin_pct,3.87,51.19,Mar 2023
PNB,Public Sector Banks,net_profit_margin_pct,8.4,79.76,Mar 2024
PNB,Public Sector Banks,net_profit_margin_pct,8.4,79.76,Mar 2024
PNB,Public Sector Banks,net_profit_margin_pct,8.4,79.76,Mar 2024
PNB,Public Sector Banks,net_profit_margin_pct,8.4,79.76,Mar 2024
PNB,Public Sector Banks,net_profit_margin_pct,8.4,79.76,Mar 2024
BANKBARODA,Public Sector Banks,debt_to_equity,15.2993,11.9,Mar 2013
BANKBARODA,Public Sector Banks,debt_to_equity,16.3018,2.38,Mar 2014
BANKBARODA,Public Sector Banks,debt_to_equity,15.838,7.14,Mar 2015
BANKBARODA,Public Sector Banks,debt_to_equity,14.5998,19.05,Mar 2016
BANKBARODA,Public Sector Banks,debt_to_equity,15.0579,14.29,Mar 2017
BANKBARODA,Public Sector Banks,debt_to_equity,14.4378,20.24,Mar 2018
BANKBARODA,Public Sector Banks,debt_to_equity,13.3547,22.62,Mar 2019
BANKBARODA,Public Sector Banks,debt_to_equity,14.0463,21.43,Mar 2020
BANKBARODA,Public Sector Banks,debt_to_equity,12.9527,23.81,Mar 2021
BANKBARODA,Public Sector Banks,debt_to_equity,12.9024,25.0,Mar 2022
BANKBARODA,Public Sector Banks,debt_to_equity,12.7799,26.19,Mar 2023
BANKBARODA,Public Sector Banks,debt_to_equity,12.1437,27.38,Mar 2024
CANBK,Public Sector Banks,debt_to_equity,14.9364,15.48,Mar 2013
CANBK,Public Sector Banks,debt_to_equity,14.8434,17.86,Mar 2014
CANBK,Public Sector Banks,debt_to_equity,15.3726,10.71,Mar 2015
CANBK,Public Sector Banks,debt_to_equity,15.6344,8.33,Mar 2016
CANBK,Public Sector Banks,debt_to_equity,15.4204,9.52,Mar 2017
CANBK,Public Sector Banks,debt_to_equity,15.2792,13.1,Mar 2018
CANBK,Public Sector Banks,debt_to_equity,16.9855,1.19,Mar 2019
CANBK,Public Sector Banks,debt_to_equity,16.2154,3.57,Mar 2020
CANBK,Public Sector Banks,debt_to_equity,17.0004,0.0,Mar 2021
CANBK,Public Sector Banks,debt_to_equity,16.1894,4.76,Mar 2022
CANBK,Public Sector Banks,debt_to_equity,15.8501,5.95,Mar 2023
CANBK,Public Sector Banks,debt_to_equity,14.8674,16.67,Mar 2024
PNB,Public Sector Banks,debt_to_equity,10.8333,36.9,Mar 2013
PNB,Public Sector Banks,debt_to_equity,10.8333,36.9,Mar 2013
PNB,Public Sector Banks,debt_to_equity,10.8333,36.9,Mar 2013
PNB,Public Sector Banks,debt_to_equity,10.8333,36.9,Mar 2013
PNB,Public Sector Banks,debt_to_equity,10.8333,36.9,Mar 2013
PNB,Public Sector Banks,debt_to_equity,10.8223,42.86,Mar 2014
PNB,Public Sector Banks,debt_to_equity,10.8223,42.86,Mar 2014
PNB,Public Sector Banks,debt_to_equity,10.8223,42.86,Mar 2014
PNB,Public Sector Banks,debt_to_equity,10.8223,42.86,Mar 2014
PNB,Public Sector Banks,debt_to_equity,10.8223,42.86,Mar 2014
PNB,Public Sector Banks,debt_to_equity,10.4376,48.81,Mar 2015
PNB,Public Sector Banks,debt_to_equity,10.4376,48.81,Mar 2015
PNB,Public Sector Banks,debt_to_equity,10.4376,48.81,Mar 2015
PNB,Public Sector Banks,debt_to_equity,10.4376,48.81,Mar 2015
PNB,Public Sector Banks,debt_to_equity,10.4376,48.81,Mar 2015
PNB,Public Sector Banks,debt_to_equity,12.1221,30.95,Mar 2016
PNB,Public Sector Banks,debt_to_equity,12.1221,30.95,Mar 2016
PNB,Public Sector Banks,debt_to_equity,12.1221,30.95,Mar 2016
PNB,Public Sector Banks,debt_to_equity,12.1221,30.95,Mar 2016
PNB,Public Sector Banks,debt_to_equity,12.1221,30.95,Mar 2016
PNB,Public Sector Banks,debt_to_equity,6.3638,78.57,Mar 2017
PNB,Public Sector Banks,debt_to_equity,6.3638,78.57,Mar 2017
PNB,Public Sector Banks,debt_to_equity,6.3638,78.57,Mar 2017
PNB,Public Sector Banks,debt_to_equity,6.3638,78.57,Mar 2017
PNB,Public Sector Banks,debt_to_equity,6.3638,78.57,Mar 2017
PNB,Public Sector Banks,debt_to_equity,8.1865,66.67,Mar 2018
PNB,Public Sector Banks,debt_to_equity,8.1865,66.67,Mar 2018
PNB,Public Sector Banks,debt_to_equity,8.1865,66.67,Mar 2018
PNB,Public Sector Banks,debt_to_equity,8.1865,66.67,Mar 2018
PNB,Public Sector Banks,debt_to_equity,8.1865,66.67,Mar 2018
PNB,Public Sector Banks,debt_to_equity,9.665,54.76,Mar 2019
PNB,Public Sector Banks,debt_to_equity,9.665,54.76,Mar 2019
PNB,Public Sector Banks,debt_to_equity,9.665,54.76,Mar 2019
PNB,Public Sector Banks,debt_to_equity,9.665,54.76,Mar 2019
PNB,Public Sector Banks,debt_to_equity,9.665,54.76,Mar 2019
PNB,Public Sector Banks,debt_to_equity,8.5235,60.71,Mar 2020
PNB,Public Sector Banks,debt_to_equity,8.5235,60.71,Mar 2020
PNB,Public Sector Banks,debt_to_equity,8.5235,60.71,Mar 2020
PNB,Public Sector Banks,debt_to_equity,8.5235,60.71,Mar 2020
PNB,Public Sector Banks,debt_to_equity,8.5235,60.71,Mar 2020
PNB,Public Sector Banks,debt_to_equity,6.6983,72.62,Mar 2021
PNB,Public Sector Banks,debt_to_equity,6.6983,72.62,Mar 2021
PNB,Public Sector Banks,debt_to_equity,6.6983,72.62,Mar 2021
PNB,Public Sector Banks,debt_to_equity,6.6983,72.62,Mar 2021
PNB,Public Sector Banks,debt_to_equity,6.6983,72.62,Mar 2021
PNB,Public Sector Banks,debt_to_equity,5.4036,84.52,Mar 2022
PNB,Public Sector Banks,debt_to_equity,5.4036,84.52,Mar 2022
PNB,Public Sector Banks,debt_to_equity,5.4036,84.52,Mar 2022
PNB,Public Sector Banks,debt_to_equity,5.4036,84.52,Mar 2022
PNB,Public Sector Banks,debt_to_equity,5.4036,84.52,Mar 2022
PNB,Public Sector Banks,debt_to_equity,4.8956,90.48,Mar 2023
PNB,Public Sector Banks,debt_to_equity,4.8956,90.48,Mar 2023
PNB,Public Sector Banks,debt_to_equity,4.8956,90.48,Mar 2023
PNB,Public Sector Banks,debt_to_equity,4.8956,90.48,Mar 2023
PNB,Public Sector Banks,debt_to_equity,4.8956,90.48,Mar 2023
PNB,Public Sector Banks,debt_to_equity,3.6843,96.43,Mar 2024
PNB,Public Sector Banks,debt_to_equity,3.6843,96.43,Mar 2024
PNB,Public Sector Banks,debt_to_equity,3.6843,96.43,Mar 2024
PNB,Public Sector Banks,debt_to_equity,3.6843,96.43,Mar 2024
PNB,Public Sector Banks,debt_to_equity,3.6843,96.43,Mar 2024
BANKBARODA,Public Sector Banks,interest_coverage,2.4281,58.33,Mar 2013
BANKBARODA,Public Sector Banks,interest_coverage,2.1694,29.17,Mar 2014
BANKBARODA,Public Sector Banks,interest_coverage,2.4716,62.5,Mar 2015
BANKBARODA,Public Sector Banks,interest_coverage,4.2331,100.0,Mar 2016
BANKBARODA,Public Sector Banks,interest_coverage,2.4241,54.17,Mar 2017
BANKBARODA,Public Sector Banks,interest_coverage,3.2624,79.17,Mar 2018
BANKBARODA,Public Sector Banks,interest_coverage,3.2718,83.33,Mar 2019
BANKBARODA,Public Sector Banks,interest_coverage,3.3277,87.5,Mar 2020
BANKBARODA,Public Sector Banks,interest_coverage,2.5915,66.67,Mar 2021
BANKBARODA,Public Sector Banks,interest_coverage,2.606,70.83,Mar 2022
BANKBARODA,Public Sector Banks,interest_coverage,2.3495,50.0,Mar 2023
BANKBARODA,Public Sector Banks,interest_coverage,1.8967,20.83,Mar 2024
CANBK,Public Sector Banks,interest_coverage,2.1823,37.5,Mar 2013
CANBK,Public Sector Banks,interest_coverage,2.3248,45.83,Mar 2014
CANBK,Public Sector Banks,interest_coverage,2.1764,33.33,Mar 2015
CANBK,Public Sector Banks,interest_coverage,3.3739,91.67,Mar 2016
CANBK,Public Sector Banks,interest_coverage,1.9966,25.0,Mar 2017
CANBK,Public Sector Banks,interest_coverage,3.4536,95.83,Mar 2018
CANBK,Public Sector Banks,interest_coverage,2.7433,75.0,Mar 2019
CANBK,Public Sector Banks,interest_coverage,2.2699,41.67,Mar 2020
CANBK,Public Sector Banks,interest_coverage,1.8804,16.67,Mar 2021
CANBK,Public Sector Banks,interest_coverage,1.7433,12.5,Mar 2022
CANBK,Public Sector Banks,interest_coverage,1.6885,8.33,Mar 2023
CANBK,Public Sector Banks,interest_coverage,1.6107,4.17,Mar 2024
PNB,Public Sector Banks,interest_coverage,,,Mar 2013
PNB,Public Sector Banks,interest_coverage,,,Mar 2013
PNB,Public Sector Banks,interest_coverage,,,Mar 2013
PNB,Public Sector Banks,interest_coverage,,,Mar 2013
PNB,Public Sector Banks,interest_coverage,,,Mar 2013
PNB,Public Sector Banks,interest_coverage,,,Mar 2014
PNB,Public Sector Banks,interest_coverage,,,Mar 2014
PNB,Public Sector Banks,interest_coverage,,,Mar 2014
PNB,Public Sector Banks,interest_coverage,,,Mar 2014
PNB,Public Sector Banks,interest_coverage,,,Mar 2014
PNB,Public Sector Banks,interest_coverage,,,Mar 2015
PNB,Public Sector Banks,interest_coverage,,,Mar 2015
PNB,Public Sector Banks,interest_coverage,,,Mar 2015
PNB,Public Sector Banks,interest_coverage,,,Mar 2015
PNB,Public Sector Banks,interest_coverage,,,Mar 2015
PNB,Public Sector Banks,interest_coverage,,,Mar 2016
PNB,Public Sector Banks,interest_coverage,,,Mar 2016
PNB,Public Sector Banks,interest_coverage,,,Mar 2016
PNB,Public Sector Banks,interest_coverage,,,Mar 2016
PNB,Public Sector Banks,interest_coverage,,,Mar 2016
PNB,Public Sector Banks,interest_coverage,,,Mar 2017
PNB,Public Sector Banks,interest_coverage,,,Mar 2017
PNB,Public Sector Banks,interest_coverage,,,Mar 2017
PNB,Public Sector Banks,interest_coverage,,,Mar 2017
PNB,Public Sector Banks,interest_coverage,,,Mar 2017
PNB,Public Sector Banks,interest_coverage,,,Mar 2018
PNB,Public Sector Banks,interest_coverage,,,Mar 2018
PNB,Public Sector Banks,interest_coverage,,,Mar 2018
PNB,Public Sector Banks,interest_coverage,,,Mar 2018
PNB,Public Sector Banks,interest_coverage,,,Mar 2018
PNB,Public Sector Banks,interest_coverage,,,Mar 2019
PNB,Public Sector Banks,interest_coverage,,,Mar 2019
PNB,Public Sector Banks,interest_coverage,,,Mar 2019
PNB,Public Sector Banks,interest_coverage,,,Mar 2019
PNB,Public Sector Banks,interest_coverage,,,Mar 2019
PNB,Public Sector Banks,interest_coverage,,,Mar 2020
PNB,Public Sector Banks,interest_coverage,,,Mar 2020
PNB,Public Sector Banks,interest_coverage,,,Mar 2020
PNB,Public Sector Banks,interest_coverage,,,Mar 2020
PNB,Public Sector Banks,interest_coverage,,,Mar 2020
PNB,Public Sector Banks,interest_coverage,,,Mar 2021
PNB,Public Sector Banks,interest_coverage,,,Mar 2021
PNB,Public Sector Banks,interest_coverage,,,Mar 2021
PNB,Public Sector Banks,interest_coverage,,,Mar 2021
PNB,Public Sector Banks,interest_coverage,,,Mar 2021
PNB,Public Sector Banks,interest_coverage,,,Mar 2022
PNB,Public Sector Banks,interest_coverage,,,Mar 2022
PNB,Public Sector Banks,interest_coverage,,,Mar 2022
PNB,Public Sector Banks,interest_coverage,,,Mar 2022
PNB,Public Sector Banks,interest_coverage,,,Mar 2022
PNB,Public Sector Banks,interest_coverage,,,Mar 2023
PNB,Public Sector Banks,interest_coverage,,,Mar 2023
PNB,Public Sector Banks,interest_coverage,,,Mar 2023
PNB,Public Sector Banks,interest_coverage,,,Mar 2023
PNB,Public Sector Banks,interest_coverage,,,Mar 2023
PNB,Public Sector Banks,interest_coverage,,,Mar 2024
PNB,Public Sector Banks,interest_coverage,,,Mar 2024
PNB,Public Sector Banks,interest_coverage,,,Mar 2024
PNB,Public Sector Banks,interest_coverage,,,Mar 2024
PNB,Public Sector Banks,interest_coverage,,,Mar 2024
BANKBARODA,Public Sector Banks,asset_turnover,0.0651,14.29,Mar 2013
BANKBARODA,Public Sector Banks,asset_turnover,0.0598,4.76,Mar 2014
BANKBARODA,Public Sector Banks,asset_turnover,0.0612,5.95,Mar 2015
BANKBARODA,Public Sector Banks,asset_turnover,0.0663,17.86,Mar 2016
BANKBARODA,Public Sector Banks,asset_turnover,0.0618,8.93,Mar 2017
BANKBARODA,Public Sector Banks,asset_turnover,0.0616,7.14,Mar 2018
BANKBARODA,Public Sector Banks,asset_turnover,0.0645,13.1,Mar 2019
BANKBARODA,Public Sector Banks,asset_turnover,0.0657,16.67,Mar 2020
BANKBARODA,Public Sector Banks,asset_turnover,0.0618,8.93,Mar 2021
BANKBARODA,Public Sector Banks,asset_turnover,0.0548,1.19,Mar 2022
BANKBARODA,Public Sector Banks,asset_turnover,0.0619,10.71,Mar 2023
BANKBARODA,Public Sector Banks,asset_turnover,0.0715,22.62,Mar 2024
CANBK,Public Sector Banks,asset_turnover,0.0812,28.57,Mar 2013
CANBK,Public Sector Banks,asset_turnover,0.079,27.38,Mar 2014
CANBK,Public Sector Banks,asset_turnover,0.0784,26.19,Mar 2015
CANBK,Public Sector Banks,asset_turnover,0.0781,25.0,Mar 2016
CANBK,Public Sector Banks,asset_turnover,0.0695,21.43,Mar 2017
CANBK,Public Sector Banks,asset_turnover,0.0655,15.48,Mar 2018
CANBK,Public Sector Banks,asset_turnover,0.0674,20.24,Mar 2019
CANBK,Public Sector Banks,asset_turnover,0.0671,19.05,Mar 2020
CANBK,Public Sector Banks,asset_turnover,0.0596,3.57,Mar 2021
CANBK,Public Sector Banks,asset_turnover,0.0561,2.38,Mar 2022
CANBK,Public Sector Banks,asset_turnover,0.0622,11.9,Mar 2023
CANBK,Public Sector Banks,asset_turnover,0.072,23.81,Mar 2024
PNB,Public Sector Banks,asset_turnover,5.6265,97.62,Mar 2013
PNB,Public Sector Banks,asset_turnover,5.6265,97.62,Mar 2013
PNB,Public Sector Banks,asset_turnover,5.6265,97.62,Mar 2013
PNB,Public Sector Banks,asset_turnover,5.6265,97.62,Mar 2013
PNB,Public Sector Banks,asset_turnover,5.6265,97.62,Mar 2013
PNB,Public Sector Banks,asset_turnover,3.8958,91.67,Mar 2014
PNB,Public Sector Banks,asset_turnover,3.8958,91.67,Mar 2014
PNB,Public Sector Banks,asset_turnover,3.8958,91.67,Mar 2014
PNB,Public Sector Banks,asset_turnover,3.8958,91.67,Mar 2014
PNB,Public Sector Banks,asset_turnover,3.8958,91.67,Mar 2014
PNB,Public Sector Banks,asset_turnover,2.559,85.71,Mar 2015
PNB,Public Sector Banks,asset_turnover,2.559,85.71,Mar 2015
PNB,Public Sector Banks,asset_turnover,2.559,85.71,Mar 2015
PNB,Public Sector Banks,asset_turnover,2.559,85.71,Mar 2015
PNB,Public Sector Banks,asset_turnover,2.559,85.71,Mar 2015
PNB,Public Sector Banks,asset_turnover,1.7122,79.76,Mar 2016
PNB,Public Sector Banks,asset_turnover,1.7122,79.76,Mar 2016
PNB,Public Sector Banks,asset_turnover,1.7122,79.76,Mar 2016
PNB,Public Sector Banks,asset_turnover,1.7122,79.76,Mar 2016
PNB,Public Sector Banks,asset_turnover,1.7122,79.76,Mar 2016
PNB,Public Sector Banks,asset_turnover,1.1187,50.0,Mar 2017
PNB,Public Sector Banks,asset_turnover,1.1187,50.0,Mar 2017
PNB,Public Sector Banks,asset_turnover,1.1187,50.0,Mar 2017
PNB,Public Sector Banks,asset_turnover,1.1187,50.0,Mar 2017
PNB,Public Sector Banks,asset_turnover,1.1187,50.0,Mar 2017
PNB,Public Sector Banks,asset_turnover,0.7732,44.05,Mar 2018
PNB,Public Sector Banks,asset_turnover,0.7732,44.05,Mar 2018
PNB,Public Sector Banks,asset_turnover,0.7732,44.05,Mar 2018
PNB,Public Sector Banks,asset_turnover,0.7732,44.05,Mar 2018
PNB,Public Sector Banks,asset_turnover,0.7732,44.05,Mar 2018
PNB,Public Sector Banks,asset_turnover,0.6227,32.14,Mar 2019
PNB,Public Sector Banks,asset_turnover,0.6227,32.14,Mar 2019
PNB,Public Sector Banks,asset_turnover,0.6227,32.14,Mar 2019
PNB,Public Sector Banks,asset_turnover,0.6227,32.14,Mar 2019
PNB,Public Sector Banks,asset_turnover,0.6227,32.14,Mar 2019
PNB,Public Sector Banks,asset_turnover,0.6963,38.1,Mar 2020
PNB,Public Sector Banks,asset_turnover,0.6963,38.1,Mar 2020
PNB,Public Sector Banks,asset_turnover,0.6963,38.1,Mar 2020
PNB,Public Sector Banks,asset_turnover,0.6963,38.1,Mar 2020
PNB,Public Sector Banks,asset_turnover,0.6963,38.1,Mar 2020
PNB,Public Sector Banks,asset_turnover,1.1486,55.95,Mar 2021
PNB,Public Sector Banks,asset_turnover,1.1486,55.95,Mar 2021
PNB,Public Sector Banks,asset_turnover,1.1486,55.95,Mar 2021
PNB,Public Sector Banks,asset_turnover,1.1486,55.95,Mar 2021
PNB,Public Sector Banks,asset_turnover,1.1486,55.95,Mar 2021
PNB,Public Sector Banks,asset_turnover,1.1614,61.9,Mar 2022
PNB,Public Sector Banks,asset_turnover,1.1614,61.9,Mar 2022
PNB,Public Sector Banks,asset_turnover,1.1614,61.9,Mar 2022
PNB,Public Sector Banks,asset_turnover,1.1614,61.9,Mar 2022
PNB,Public Sector Banks,asset_turnover,1.1614,61.9,Mar 2022
PNB,Public Sector Banks,asset_turnover,1.3,67.86,Mar 2023
PNB,Public Sector Banks,asset_turnover,1.3,67.86,Mar 2023
PNB,Public Sector Banks,asset_turnover,1.3,67.86,Mar 2023
PNB,Public Sector Banks,asset_turnover,1.3,67.86,Mar 2023
PNB,Public Sector Banks,asset_turnover,1.3,67.86,Mar 2023
PNB,Public Sector Banks,asset_turnover,1.507,73.81,Mar 2024
PNB,Public Sector Banks,asset_turnover,1.507,73.81,Mar 2024
PNB,Public Sector Banks,asset_turnover,1.507,73.81,Mar 2024
PNB,Public Sector Banks,asset_turnover,1.507,73.81,Mar 2024
PNB,Public Sector Banks,asset_turnover,1.507,73.81,Mar 2024
BPCL,Oil & Gas,return_on_equity_pct,11.54,45.0,Mar 2013
BPCL,Oil & Gas,return_on_equity_pct,20.85,85.0,Mar 2014
BPCL,Oil & Gas,return_on_equity_pct,22.52,90.0,Mar 2015
BPCL,Oil & Gas,return_on_equity_pct,29.1,95.0,Mar 2016
BPCL,Oil & Gas,return_on_equity_pct,30.85,96.67,Mar 2017
BPCL,Oil & Gas,return_on_equity_pct,26.74,93.33,Mar 2018
BPCL,Oil & Gas,return_on_equity_pct,22.0,86.67,Mar 2019
BPCL,Oil & Gas,return_on_equity_pct,10.04,30.0,Mar 2020
BPCL,Oil & Gas,return_on_equity_pct,32.34,98.33,Mar 2021
BPCL,Oil & Gas,return_on_equity_pct,22.51,88.33,Mar 2022
BPCL,Oil & Gas,return_on_equity_pct,3.98,3.33,Mar 2023
BPCL,Oil & Gas,return_on_equity_pct,35.51000000000001,100.0,Mar 2024
GAIL,Oil & Gas,return_on_equity_pct,15.17,63.33,Mar 2013
GAIL,Oil & Gas,return_on_equity_pct,14.75,60.0,Mar 2014
GAIL,Oil & Gas,return_on_equity_pct,9.29,23.33,Mar 2015
GAIL,Oil & Gas,return_on_equity_pct,5.149999999999999,5.0,Mar 2016
GAIL,Oil & Gas,return_on_equity_pct,8.58,16.67,Mar 2017
GAIL,Oil & Gas,return_on_equity_pct,11.53,43.33,Mar 2018
GAIL,Oil & Gas,return_on_equity_pct,14.24,58.33,Mar 2019
GAIL,Oil & Gas,return_on_equity_pct,19.31,78.33,Mar 2020
GAIL,Oil & Gas,return_on_equity_pct,11.55,46.67,Mar 2021
GAIL,Oil & Gas,return_on_equity_pct,19.19,75.0,Mar 2022
GAIL,Oil & Gas,return_on_equity_pct,8.62,18.33,Mar 2023
GAIL,Oil & Gas,return_on_equity_pct,12.86,53.33,Mar 2024
IOC,Oil & Gas,return_on_equity_pct,5.75,8.33,Mar 2013
IOC,Oil & Gas,return_on_equity_pct,10.26,31.67,Mar 2014
IOC,Oil & Gas,return_on_equity_pct,7.08,11.67,Mar 2015
IOC,Oil & Gas,return_on_equity_pct,13.8,56.67,Mar 2016
IOC,Oil & Gas,return_on_equity_pct,19.97,83.33,Mar 2017
IOC,Oil & Gas,return_on_equity_pct,19.87,81.67,Mar 2018
IOC,Oil & Gas,return_on_equity_pct,15.36,65.0,Mar 2019
IOC,Oil & Gas,return_on_equity_pct,-1.97,1.67,Mar 2020
IOC,Oil & Gas,return_on_equity_pct,19.46,80.0,Mar 2021
IOC,Oil & Gas,return_on_equity_pct,19.27,76.67,Mar 2022
IOC,Oil & Gas,return_on_equity_pct,8.38,15.0,Mar 2023
IOC,Oil & Gas,return_on_equity_pct,23.53,91.67,Mar 2024
ONGC,Oil & Gas,return_on_equity_pct,15.73,70.0,Mar 2013
ONGC,Oil & Gas,return_on_equity_pct,15.49,66.67,Mar 2014
ONGC,Oil & Gas,return_on_equity_pct,9.81,26.67,Mar 2015
ONGC,Oil & Gas,return_on_equity_pct,6.619999999999999,10.0,Mar 2016
ONGC,Oil & Gas,return_on_equity_pct,15.01,61.67,Mar 2017
ONGC,Oil & Gas,return_on_equity_pct,12.78,51.67,Mar 2018
ONGC,Oil & Gas,return_on_equity_pct,15.64,68.33,Mar 2019
ONGC,Oil & Gas,return_on_equity_pct,5.59,6.67,Mar 2020
ONGC,Oil & Gas,return_on_equity_pct,9.67,25.0,Mar 2021
ONGC,Oil & Gas,return_on_equity_pct,19.0,73.33,Mar 2022
ONGC,Oil & Gas,return_on_equity_pct,11.68,48.33,Mar 2023
ONGC,Oil & Gas,return_on_equity_pct,16.94,71.67,Mar 2024
RELIANCE,Oil & Gas,return_on_equity_pct,11.47,41.67,Mar 2013
RELIANCE,Oil & Gas,return_on_equity_pct,11.35,40.0,Mar 2014
RELIANCE,Oil & Gas,return_on_equity_pct,10.82,36.67,Mar 2015
RELIANCE,Oil & Gas,return_on_equity_pct,12.9,55.0,Mar 2016
RELIANCE,Oil & Gas,return_on_equity_pct,11.31,38.33,Mar 2017
RELIANCE,Oil & Gas,return_on_equity_pct,12.29,50.0,Mar 2018
RELIANCE,Oil & Gas,return_on_equity_pct,10.29,33.33,Mar 2019
RELIANCE,Oil & Gas,return_on_equity_pct,8.88,21.67,Mar 2020
RELIANCE,Oil & Gas,return_on_equity_pct,7.68,13.33,Mar 2021
RELIANCE,Oil & Gas,return_on_equity_pct,8.7,20.0,Mar 2022
RELIANCE,Oil & Gas,return_on_equity_pct,10.35,35.0,Mar 2023
RELIANCE,Oil & Gas,return_on_equity_pct,9.959999999999999,28.33,Mar 2024
BPCL,Oil & Gas,operating_profit_margin_pct,3.0,7.5,Mar 2013
BPCL,Oil & Gas,operating_profit_margin_pct,4.0,14.17,Mar 2014
BPCL,Oil & Gas,operating_profit_margin_pct,4.0,14.17,Mar 2015
BPCL,Oil & Gas,operating_profit_margin_pct,7.0,28.33,Mar 2016
BPCL,Oil & Gas,operating_profit_margin_pct,7.0,28.33,Mar 2017
BPCL,Oil & Gas,operating_profit_margin_pct,6.0,23.33,Mar 2018
BPCL,Oil & Gas,operating_profit_margin_pct,5.0,19.17,Mar 2019
BPCL,Oil & Gas,operating_profit_margin_pct,3.0,7.5,Mar 2020
BPCL,Oil & Gas,operating_profit_margin_pct,9.0,38.33,Mar 2021
BPCL,Oil & Gas,operating_profit_margin_pct,6.0,23.33,Mar 2022
BPCL,Oil & Gas,operating_profit_margin_pct,2.0,2.5,Mar 2023
BPCL,Oil & Gas,operating_profit_margin_pct,10.0,45.0,Mar 2024
GAIL,Oil & Gas,operating_profit_margin_pct,15.0,70.0,Mar 2013
GAIL,Oil & Gas,operating_profit_margin_pct,13.0,60.83,Mar 2014
GAIL,Oil & Gas,operating_profit_margin_pct,9.0,38.33,Mar 2015
GAIL,Oil & Gas,operating_profit_margin_pct,9.0,38.33,Mar 2016
GAIL,Oil & Gas,operating_profit_margin_pct,12.0,55.0,Mar 2017
GAIL,Oil & Gas,operating_profit_margin_pct,14.0,65.0,Mar 2018
GAIL,Oil & Gas,operating_profit_margin_pct,13.0,60.83,Mar 2019
GAIL,Oil & Gas,operating_profit_margin_pct,12.0,55.0,Mar 2020
GAIL,Oil & Gas,operating_profit_margin_pct,13.0,60.83,Mar 2021
GAIL,Oil & Gas,operating_profit_margin_pct,16.0,79.17,Mar 2022
GAIL,Oil & Gas,operating_profit_margin_pct,5.0,19.17,Mar 2023
GAIL,Oil & Gas,operating_profit_margin_pct,11.0,50.83,Mar 2024
IOC,Oil & Gas,operating_profit_margin_pct,3.0,7.5,Mar 2013
IOC,Oil & Gas,operating_profit_margin_pct,4.0,14.17,Mar 2014
IOC,Oil & Gas,operating_profit_margin_pct,2.0,2.5,Mar 2015
IOC,Oil & Gas,operating_profit_margin_pct,6.0,23.33,Mar 2016
IOC,Oil & Gas,operating_profit_margin_pct,10.0,45.0,Mar 2017
IOC,Oil & Gas,operating_profit_margin_pct,10.0,45.0,Mar 2018
IOC,Oil & Gas,operating_profit_margin_pct,7.0,28.33,Mar 2019
IOC,Oil & Gas,operating_profit_margin_pct,3.0,7.5,Mar 2020
IOC,Oil & Gas,operating_profit_margin_pct,11.0,50.83,Mar 2021
IOC,Oil & Gas,operating_profit_margin_pct,8.0,33.33,Mar 2022
IOC,Oil & Gas,operating_profit_margin_pct,4.0,14.17,Mar 2023
IOC,Oil & Gas,operating_profit_margin_pct,10.0,45.0,Mar 2024
ONGC,Oil & Gas,operating_profit_margin_pct,27.0,96.67,Mar 2013
ONGC,Oil & Gas,operating_profit_margin_pct,28.0,98.33,Mar 2014
ONGC,Oil & Gas,operating_profit_margin_pct,26.0,95.0,Mar 2015
ONGC,Oil & Gas,operating_profit_margin_pct,32.0,100.0,Mar 2016
ONGC,Oil & Gas,operating_profit_margin_pct,19.0,93.33,Mar 2017
ONGC,Oil & Gas,operating_profit_margin_pct,18.0,90.0,Mar 2018
ONGC,Oil & Gas,operating_profit_margin_pct,18.0,90.0,Mar 2019
ONGC,Oil & Gas,operating_profit_margin_pct,13.0,60.83,Mar 2020
ONGC,Oil & Gas,operating_profit_margin_pct,16.0,79.17,Mar 2021
ONGC,Oil & Gas,operating_profit_margin_pct,16.0,79.17,Mar 2022
ONGC,Oil & Gas,operating_profit_margin_pct,12.0,55.0,Mar 2023
ONGC,Oil & Gas,operating_profit_margin_pct,17.0,85.83,Mar 2024
RELIANCE,Oil & Gas,operating_profit_margin_pct,8.0,33.33,Mar 2013
RELIANCE,Oil & Gas,operating_profit_margin_pct,8.0,33.33,Mar 2014
RELIANCE,Oil & Gas,operating_profit_margin_pct,10.0,45.0,Mar 2015
RELIANCE,Oil & Gas,operating_profit_margin_pct,15.0,70.0,Mar 2016
RELIANCE,Oil & Gas,operating_profit_margin_pct,15.0,70.0,Mar 2017
RELIANCE,Oil & Gas,operating_profit_margin_pct,16.0,79.17,Mar 2018
RELIANCE,Oil & Gas,operating_profit_margin_pct,15.0,70.0,Mar 2019
RELIANCE,Oil & Gas,operating_profit_margin_pct,15.0,70.0,Mar 2020
RELIANCE,Oil & Gas,operating_profit_margin_pct,17.0,85.83,Mar 2021
RELIANCE,Oil & Gas,operating_profit_margin_pct,16.0,79.17,Mar 2022
RELIANCE,Oil & Gas,operating_profit_margin_pct,16.0,79.17,Mar 2023
RELIANCE,Oil & Gas,operating_profit_margin_pct,18.0,90.0,Mar 2024
BPCL,Oil & Gas,net_profit_margin_pct,0.8,6.67,Mar 2013
BPCL,Oil & Gas,net_profit_margin_pct,1.53,15.0,Mar 2014
BPCL,Oil & Gas,net_profit_margin_pct,2.09,16.67,Mar 2015
BPCL,Oil & Gas,net_profit_margin_pct,4.31,31.67,Mar 2016
BPCL,Oil & Gas,net_profit_margin_pct,4.72,35.0,Mar 2017
BPCL,Oil & Gas,net_profit_margin_pct,4.15,30.0,Mar 2018
BPCL,Oil & Gas,net_profit_margin_pct,2.86,18.33,Mar 2019
BPCL,Oil & Gas,net_profit_margin_pct,1.29,10.0,Mar 2020
BPCL,Oil & Gas,net_profit_margin_pct,7.52,61.67,Mar 2021
BPCL,Oil & Gas,net_profit_margin_pct,3.37,23.33,Mar 2022
BPCL,Oil & Gas,net_profit_margin_pct,0.45,3.33,Mar 2023
BPCL,Oil & Gas,net_profit_margin_pct,5.99,50.0,Mar 2024
GAIL,Oil & Gas,net_profit_margin_pct,8.57,70.0,Mar 2013
GAIL,Oil & Gas,net_profit_margin_pct,7.75,63.33,Mar 2014
GAIL,Oil & Gas,net_profit_margin_pct,5.220000000000001,40.0,Mar 2015
GAIL,Oil & Gas,net_profit_margin_pct,3.6,26.67,Mar 2016
GAIL,Oil & Gas,net_profit_margin_pct,6.950000000000001,55.0,Mar 2017
GAIL,Oil & Gas,net_profit_margin_pct,8.82,75.0,Mar 2018
GAIL,Oil & Gas,net_profit_margin_pct,8.6,71.67,Mar 2019
GAIL,Oil & Gas,net_profit_margin_pct,13.12,95.0,Mar 2020
GAIL,Oil & Gas,net_profit_margin_pct,10.71,88.33,Mar 2021
GAIL,Oil & Gas,net_profit_margin_pct,13.26,96.67,Mar 2022
GAIL,Oil & Gas,net_profit_margin_pct,3.84,28.33,Mar 2023
GAIL,Oil & Gas,net_profit_margin_pct,7.430000000000001,60.0,Mar 2024
IOC,Oil & Gas,net_profit_margin_pct,0.79,5.0,Mar 2013
IOC,Oil & Gas,net_profit_margin_pct,1.43,13.33,Mar 2014
IOC,Oil & Gas,net_profit_margin_pct,1.08,8.33,Mar 2015
IOC,Oil & Gas,net_profit_margin_pct,3.59,25.0,Mar 2016
IOC,Oil & Gas,net_profit_margin_pct,5.74,46.67,Mar 2017
IOC,Oil & Gas,net_profit_margin_pct,5.37,43.33,Mar 2018
IOC,Oil & Gas,net_profit_margin_pct,3.27,21.67,Mar 2019
IOC,Oil & Gas,net_profit_margin_pct,-0.39,1.67,Mar 2020
IOC,Oil & Gas,net_profit_margin_pct,5.98,48.33,Mar 2021
IOC,Oil & Gas,net_profit_margin_pct,4.37,33.33,Mar 2022
IOC,Oil & Gas,net_profit_margin_pct,1.39,11.67,Mar 2023
IOC,Oil & Gas,net_profit_margin_pct,5.56,45.0,Mar 2024
ONGC,Oil & Gas,net_profit_margin_pct,14.81,98.33,Mar 2013
ONGC,Oil & Gas,net_profit_margin_pct,15.31,100.0,Mar 2014
ONGC,Oil & Gas,net_profit_margin_pct,11.0,91.67,Mar 2015
ONGC,Oil & Gas,net_profit_margin_pct,10.56,86.67,Mar 2016
ONGC,Oil & Gas,net_profit_margin_pct,10.33,85.0,Mar 2017
ONGC,Oil & Gas,net_profit_margin_pct,8.08,66.67,Mar 2018
ONGC,Oil & Gas,net_profit_margin_pct,8.05,65.0,Mar 2019
ONGC,Oil & Gas,net_profit_margin_pct,2.89,20.0,Mar 2020
ONGC,Oil & Gas,net_profit_margin_pct,7.03,58.33,Mar 2021
ONGC,Oil & Gas,net_profit_margin_pct,10.03,83.33,Mar 2022
ONGC,Oil & Gas,net_profit_margin_pct,5.18,36.67,Mar 2023
ONGC,Oil & Gas,net_profit_margin_pct,9.66,78.33,Mar 2024
RELIANCE,Oil & Gas,net_profit_margin_pct,5.27,41.67,Mar 2013
RELIANCE,Oil & Gas,net_profit_margin_pct,5.2,38.33,Mar 2014
RELIANCE,Oil & Gas,net_profit_margin_pct,6.31,51.67,Mar 2015
RELIANCE,Oil & Gas,net_profit_margin_pct,10.95,90.0,Mar 2016
RELIANCE,Oil & Gas,net_profit_margin_pct,9.81,81.67,Mar 2017
RELIANCE,Oil & Gas,net_profit_margin_pct,9.229999999999999,76.67,Mar 2018
RELIANCE,Oil & Gas,net_profit_margin_pct,7.01,56.67,Mar 2019
RELIANCE,Oil & Gas,net_profit_margin_pct,6.68,53.33,Mar 2020
RELIANCE,Oil & Gas,net_profit_margin_pct,11.52,93.33,Mar 2021
RELIANCE,Oil & Gas,net_profit_margin_pct,9.77,80.0,Mar 2022
RELIANCE,Oil & Gas,net_profit_margin_pct,8.450000000000001,68.33,Mar 2023
RELIANCE,Oil & Gas,net_profit_margin_pct,8.790000000000001,73.33,Mar 2024
BPCL,Oil & Gas,debt_to_equity,1.9766,0.0,Mar 2013
BPCL,Oil & Gas,debt_to_equity,1.7053,3.33,Mar 2014
BPCL,Oil & Gas,debt_to_equity,1.1299,16.67,Mar 2015
BPCL,Oil & Gas,debt_to_equity,0.8415,30.0,Mar 2016
BPCL,Oil & Gas,debt_to_equity,1.1592,13.33,Mar 2017
BPCL,Oil & Gas,debt_to_equity,1.0284,21.67,Mar 2018
BPCL,Oil & Gas,debt_to_equity,1.1567,15.0,Mar 2019
BPCL,Oil & Gas,debt_to_equity,1.7923,1.67,Mar 2020
BPCL,Oil & Gas,debt_to_equity,1.0182,23.33,Mar 2021
BPCL,Oil & Gas,debt_to_equity,1.2433,11.67,Mar 2022
BPCL,Oil & Gas,debt_to_equity,1.2962,10.0,Mar 2023
BPCL,Oil & Gas,debt_to_equity,0.7219,43.33,Mar 2024
GAIL,Oil & Gas,debt_to_equity,0.5721,60.0,Mar 2013
GAIL,Oil & Gas,debt_to_equity,0.5711,61.67,Mar 2014
GAIL,Oil & Gas,debt_to_equity,0.5376,63.33,Mar 2015
GAIL,Oil & Gas,debt_to_equity,0.2487,85.0,Mar 2016
GAIL,Oil & Gas,debt_to_equity,0.1667,88.33,Mar 2017
GAIL,Oil & Gas,debt_to_equity,0.093,96.67,Mar 2018
GAIL,Oil & Gas,debt_to_equity,0.0483,98.33,Mar 2019
GAIL,Oil & Gas,debt_to_equity,0.1403,93.33,Mar 2020
GAIL,Oil & Gas,debt_to_equity,0.148,90.0,Mar 2021
GAIL,Oil & Gas,debt_to_equity,0.1437,91.67,Mar 2022
GAIL,Oil & Gas,debt_to_equity,0.2744,83.33,Mar 2023
GAIL,Oil & Gas,debt_to_equity,0.283,81.67,Mar 2024
IOC,Oil & Gas,debt_to_equity,1.4225,5.0,Mar 2013
IOC,Oil & Gas,debt_to_equity,1.3976,6.67,Mar 2014
IOC,Oil & Gas,debt_to_equity,0.9428,26.67,Mar 2015
IOC,Oil & Gas,debt_to_equity,0.6507,46.67,Mar 2016
IOC,Oil & Gas,debt_to_equity,0.6197,51.67,Mar 2017
IOC,Oil & Gas,debt_to_equity,0.5765,58.33,Mar 2018
IOC,Oil & Gas,debt_to_equity,0.8604,28.33,Mar 2019
IOC,Oil & Gas,debt_to_equity,1.3605,8.33,Mar 2020
IOC,Oil & Gas,debt_to_equity,1.043,20.0,Mar 2021
IOC,Oil & Gas,debt_to_equity,0.9887,25.0,Mar 2022
IOC,Oil & Gas,debt_to_equity,1.0662,18.33,Mar 2023
IOC,Oil & Gas,debt_to_equity,0.7231,41.67,Mar 2024
ONGC,Oil & Gas,debt_to_equity,0.1356,95.0,Mar 2013
ONGC,Oil & Gas,debt_to_equity,0.2853,80.0,Mar 2014
ONGC,Oil & Gas,debt_to_equity,0.2989,78.33,Mar 2015
ONGC,Oil & Gas,debt_to_equity,0.23,86.67,Mar 2016
ONGC,Oil & Gas,debt_to_equity,0.4117,73.33,Mar 2017
ONGC,Oil & Gas,debt_to_equity,0.5223,65.0,Mar 2018
ONGC,Oil & Gas,debt_to_equity,0.4967,68.33,Mar 2019
ONGC,Oil & Gas,debt_to_equity,0.6313,48.33,Mar 2020
ONGC,Oil & Gas,debt_to_equity,0.6027,53.33,Mar 2021
ONGC,Oil & Gas,debt_to_equity,0.4701,70.0,Mar 2022
ONGC,Oil & Gas,debt_to_equity,0.5069,66.67,Mar 2023
ONGC,Oil & Gas,debt_to_equity,0.4544,71.67,Mar 2024
RELIANCE,Oil & Gas,debt_to_equity,0.5889,55.0,Mar 2013
RELIANCE,Oil & Gas,debt_to_equity,0.6984,45.0,Mar 2014
RELIANCE,Oil & Gas,debt_to_equity,0.77,40.0,Mar 2015
RELIANCE,Oil & Gas,debt_to_equity,0.8409,31.67,Mar 2016
RELIANCE,Oil & Gas,debt_to_equity,0.8247,33.33,Mar 2017
RELIANCE,Oil & Gas,debt_to_equity,0.8172,35.0,Mar 2018
RELIANCE,Oil & Gas,debt_to_equity,0.7949,36.67,Mar 2019
RELIANCE,Oil & Gas,debt_to_equity,0.7906,38.33,Mar 2020
RELIANCE,Oil & Gas,debt_to_equity,0.3984,76.67,Mar 2021
RELIANCE,Oil & Gas,debt_to_equity,0.4094,75.0,Mar 2022
RELIANCE,Oil & Gas,debt_to_equity,0.6309,50.0,Mar 2023
RELIANCE,Oil & Gas,debt_to_equity,0.5785,56.67,Mar 2024
BPCL,Oil & Gas,interest_coverage,3.2569,5.0,Mar 2013
BPCL,Oil & Gas,interest_coverage,5.4279,18.33,Mar 2014
BPCL,Oil & Gas,interest_coverage,10.0822,40.0,Mar 2015
BPCL,Oil & Gas,interest_coverage,21.8882,83.33,Mar 2016
BPCL,Oil & Gas,interest_coverage,23.7126,86.67,Mar 2017
BPCL,Oil & Gas,interest_coverage,15.3828,75.0,Mar 2018
BPCL,Oil & Gas,interest_coverage,10.2534,43.33,Mar 2019
BPCL,Oil & Gas,interest_coverage,3.9317,11.67,Mar 2020
BPCL,Oil & Gas,interest_coverage,16.5351,76.67,Mar 2021
BPCL,Oil & Gas,interest_coverage,9.2387,35.0,Mar 2022
BPCL,Oil & Gas,interest_coverage,3.4539,6.67,Mar 2023
BPCL,Oil & Gas,interest_coverage,11.3555,50.0,Mar 2024
GAIL,Oil & Gas,interest_coverage,19.0252,81.67,Mar 2013
GAIL,Oil & Gas,interest_coverage,13.8042,61.67,Mar 2014
GAIL,Oil & Gas,interest_coverage,10.0859,41.67,Mar 2015
GAIL,Oil & Gas,interest_coverage,6.4075,21.67,Mar 2016
GAIL,Oil & Gas,interest_coverage,14.2102,65.0,Mar 2017
GAIL,Oil & Gas,interest_coverage,29.661,90.0,Mar 2018
GAIL,Oil & Gas,interest_coverage,73.3145,95.0,Mar 2019
GAIL,Oil & Gas,interest_coverage,41.4822,91.67,Mar 2020
GAIL,Oil & Gas,interest_coverage,56.3017,93.33,Mar 2021
GAIL,Oil & Gas,interest_coverage,89.5347,96.67,Mar 2022
GAIL,Oil & Gas,interest_coverage,28.2795,88.33,Mar 2023
GAIL,Oil & Gas,interest_coverage,23.6245,85.0,Mar 2024
IOC,Oil & Gas,interest_coverage,2.4232,3.33,Mar 2013
IOC,Oil & Gas,interest_coverage,3.7468,8.33,Mar 2014
IOC,Oil & Gas,interest_coverage,3.9122,10.0,Mar 2015
IOC,Oil & Gas,interest_coverage,7.8167,26.67,Mar 2016
IOC,Oil & Gas,interest_coverage,10.2872,46.67,Mar 2017
IOC,Oil & Gas,interest_coverage,11.8681,56.67,Mar 2018
IOC,Oil & Gas,interest_coverage,7.9917,30.0,Mar 2019
IOC,Oil & Gas,interest_coverage,1.5345,1.67,Mar 2020
IOC,Oil & Gas,interest_coverage,15.2148,71.67,Mar 2021
IOC,Oil & Gas,interest_coverage,9.5508,36.67,Mar 2022
IOC,Oil & Gas,interest_coverage,4.7189,15.0,Mar 2023
IOC,Oil & Gas,interest_coverage,10.2823,45.0,Mar 2024
ONGC,Oil & Gas,interest_coverage,101.2169,100.0,Mar 2013
ONGC,Oil & Gas,interest_coverage,90.2244,98.33,Mar 2014
ONGC,Oil & Gas,interest_coverage,16.853,78.33,Mar 2015
ONGC,Oil & Gas,interest_coverage,10.675,48.33,Mar 2016
ONGC,Oil & Gas,interest_coverage,18.2478,80.0,Mar 2017
ONGC,Oil & Gas,interest_coverage,13.4663,60.0,Mar 2018
ONGC,Oil & Gas,interest_coverage,14.4571,68.33,Mar 2019
ONGC,Oil & Gas,interest_coverage,7.0887,23.33,Mar 2020
ONGC,Oil & Gas,interest_coverage,11.9598,58.33,Mar 2021
ONGC,Oil & Gas,interest_coverage,15.2161,73.33,Mar 2022
ONGC,Oil & Gas,interest_coverage,9.5699,38.33,Mar 2023
ONGC,Oil & Gas,interest_coverage,11.3613,51.67,Mar 2024
RELIANCE,Oil & Gas,interest_coverage,11.814,55.0,Mar 2013
RELIANCE,Oil & Gas,interest_coverage,11.4181,53.33,Mar 2014
RELIANCE,Oil & Gas,interest_coverage,13.8652,63.33,Mar 2015
RELIANCE,Oil & Gas,interest_coverage,14.6283,70.0,Mar 2016
RELIANCE,Oil & Gas,interest_coverage,14.4269,66.67,Mar 2017
RELIANCE,Oil & Gas,interest_coverage,9.2131,33.33,Mar 2018
RELIANCE,Oil & Gas,interest_coverage,5.6172,20.0,Mar 2019
RELIANCE,Oil & Gas,interest_coverage,4.4416,13.33,Mar 2020
RELIANCE,Oil & Gas,interest_coverage,4.8715,16.67,Mar 2021
RELIANCE,Oil & Gas,interest_coverage,8.7892,31.67,Mar 2022
RELIANCE,Oil & Gas,interest_coverage,7.8861,28.33,Mar 2023
RELIANCE,Oil & Gas,interest_coverage,7.7289,25.0,Mar 2024
BPCL,Oil & Gas,asset_turnover,3.0414,100.0,Mar 2013
BPCL,Oil & Gas,asset_turnover,2.9892,98.33,Mar 2014
BPCL,Oil & Gas,asset_turnover,2.8104,96.67,Mar 2015
BPCL,Oil & Gas,asset_turnover,2.1732,90.0,Mar 2016
BPCL,Oil & Gas,asset_turnover,1.8449,78.33,Mar 2017
BPCL,Oil & Gas,asset_turnover,1.96,88.33,Mar 2018
BPCL,Oil & Gas,asset_turnover,2.178,91.67,Mar 2019
BPCL,Oil & Gas,asset_turnover,1.8863,81.67,Mar 2020
BPCL,Oil & Gas,asset_turnover,1.4298,66.67,Mar 2021
BPCL,Oil & Gas,asset_turnover,1.8493,80.0,Mar 2022
BPCL,Oil & Gas,asset_turnover,2.5155,95.0,Mar 2023
BPCL,Oil & Gas,asset_turnover,2.2137,93.33,Mar 2024
GAIL,Oil & Gas,asset_turnover,0.8523,38.33,Mar 2013
GAIL,Oil & Gas,asset_turnover,0.9237,46.67,Mar 2014
GAIL,Oil & Gas,asset_turnover,0.8692,41.67,Mar 2015
GAIL,Oil & Gas,asset_turnover,0.8813,43.33,Mar 2016
GAIL,Oil & Gas,asset_turnover,0.8329,33.33,Mar 2017
GAIL,Oil & Gas,asset_turnover,0.8882,45.0,Mar 2018
GAIL,Oil & Gas,asset_turnover,1.1135,60.0,Mar 2019
GAIL,Oil & Gas,asset_turnover,0.9678,50.0,Mar 2020
GAIL,Oil & Gas,asset_turnover,0.708,28.33,Mar 2021
GAIL,Oil & Gas,asset_turnover,0.9605,48.33,Mar 2022
GAIL,Oil & Gas,asset_turnover,1.3512,63.33,Mar 2023
GAIL,Oil & Gas,asset_turnover,1.0681,56.67,Mar 2024
IOC,Oil & Gas,asset_turnover,1.9091,85.0,Mar 2013
IOC,Oil & Gas,asset_turnover,1.8362,76.67,Mar 2014
IOC,Oil & Gas,asset_turnover,1.9219,86.67,Mar 2015
IOC,Oil & Gas,asset_turnover,1.4934,71.67,Mar 2016
IOC,Oil & Gas,asset_turnover,1.2983,61.67,Mar 2017
IOC,Oil & Gas,asset_turnover,1.4246,65.0,Mar 2018
IOC,Oil & Gas,asset_turnover,1.5749,73.33,Mar 2019
IOC,Oil & Gas,asset_turnover,1.4661,70.0,Mar 2020
IOC,Oil & Gas,asset_turnover,1.0248,53.33,Mar 2021
IOC,Oil & Gas,asset_turnover,1.4343,68.33,Mar 2022
IOC,Oil & Gas,asset_turnover,1.9044,83.33,Mar 2023
IOC,Oil & Gas,asset_turnover,1.6084,75.0,Mar 2024
ONGC,Oil & Gas,asset_turnover,0.6392,25.0,Mar 2013
ONGC,Oil & Gas,asset_turnover,0.5358,16.67,Mar 2014
ONGC,Oil & Gas,asset_turnover,0.4763,10.0,Mar 2015
ONGC,Oil & Gas,asset_turnover,0.3629,3.33,Mar 2016
ONGC,Oil & Gas,asset_turnover,0.6355,23.33,Mar 2017
ONGC,Oil & Gas,asset_turnover,0.7027,26.67,Mar 2018
ONGC,Oil & Gas,asset_turnover,0.8564,40.0,Mar 2019
ONGC,Oil & Gas,asset_turnover,0.7804,31.67,Mar 2020
ONGC,Oil & Gas,asset_turnover,0.5609,20.0,Mar 2021
ONGC,Oil & Gas,asset_turnover,0.8422,36.67,Mar 2022
ONGC,Oil & Gas,asset_turnover,1.0313,55.0,Mar 2023
ONGC,Oil & Gas,asset_turnover,0.8332,35.0,Mar 2024
RELIANCE,Oil & Gas,asset_turnover,1.0927,58.33,Mar 2013
RELIANCE,Oil & Gas,asset_turnover,1.0109,51.67,Mar 2014
RELIANCE,Oil & Gas,asset_turnover,0.7421,30.0,Mar 2015
RELIANCE,Oil & Gas,asset_turnover,0.4551,6.67,Mar 2016
RELIANCE,Oil & Gas,asset_turnover,0.43,5.0,Mar 2017
RELIANCE,Oil & Gas,asset_turnover,0.4817,11.67,Mar 2018
RELIANCE,Oil & Gas,asset_turnover,0.5697,21.67,Mar 2019
RELIANCE,Oil & Gas,asset_turnover,0.513,15.0,Mar 2020
RELIANCE,Oil & Gas,asset_turnover,0.3532,1.67,Mar 2021
RELIANCE,Oil & Gas,asset_turnover,0.4635,8.33,Mar 2022
RELIANCE,Oil & Gas,asset_turnover,0.5457,18.33,Mar 2023
RELIANCE,Oil & Gas,asset_turnover,0.5123,13.33,Mar 2024
BRITANNIA,FMCG,return_on_equity_pct,46.59,75.0,Mar 2013
BRITANNIA,FMCG,return_on_equity_pct,49.5,77.38,Mar 2014
BRITANNIA,FMCG,return_on_equity_pct,55.34,80.95,Mar 2015
BRITANNIA,FMCG,return_on_equity_pct,39.44,71.43,Mar 2016
BRITANNIA,FMCG,return_on_equity_pct,32.83,64.29,Mar 2017
BRITANNIA,FMCG,return_on_equity_pct,29.48,55.95,Mar 2018
BRITANNIA,FMCG,return_on_equity_pct,27.16,52.38,Mar 2019
BRITANNIA,FMCG,return_on_equity_pct,31.66,60.71,Mar 2020
BRITANNIA,FMCG,return_on_equity_pct,52.17,78.57,Mar 2021
BRITANNIA,FMCG,return_on_equity_pct,59.27,82.14,Mar 2022
BRITANNIA,FMCG,return_on_equity_pct,65.53,84.52,Mar 2023
BRITANNIA,FMCG,return_on_equity_pct,54.15,79.76,Mar 2024
DABUR,FMCG,return_on_equity_pct,36.56,70.24,Mar 2013
DABUR,FMCG,return_on_equity_pct,34.48999999999999,67.86,Mar 2014
DABUR,FMCG,return_on_equity_pct,31.84,61.9,Mar 2015
DABUR,FMCG,return_on_equity_pct,30.06,57.14,Mar 2016
DABUR,FMCG,return_on_equity_pct,26.41,51.19,Mar 2017
DABUR,FMCG,return_on_equity_pct,23.8,42.86,Mar 2018
DABUR,FMCG,return_on_equity_pct,25.67,48.81,Mar 2019
DABUR,FMCG,return_on_equity_pct,21.92,35.71,Mar 2020
DABUR,FMCG,return_on_equity_pct,22.12,36.9,Mar 2021
DABUR,FMCG,return_on_equity_pct,20.78,30.95,Mar 2022
DABUR,FMCG,return_on_equity_pct,18.96,25.0,Mar 2023
DABUR,FMCG,return_on_equity_pct,18.36,22.62,Mar 2024
GODREJCP,FMCG,return_on_equity_pct,25.51,47.62,Mar 2013
GODREJCP,FMCG,return_on_equity_pct,21.7,32.74,Mar 2014
GODREJCP,FMCG,return_on_equity_pct,22.64,41.67,Mar 2015
GODREJCP,FMCG,return_on_equity_pct,19.48,26.19,Mar 2016
GODREJCP,FMCG,return_on_equity_pct,24.67,45.24,Mar 2017
GODREJCP,FMCG,return_on_equity_pct,26.11,50.0,Mar 2018
GODREJCP,FMCG,return_on_equity_pct,32.23,63.1,Mar 2019
GODREJCP,FMCG,return_on_equity_pct,18.95,23.81,Mar 2020
GODREJCP,FMCG,return_on_equity_pct,18.23,21.43,Mar 2021
GODREJCP,FMCG,return_on_equity_pct,15.43,17.86,Mar 2022
GODREJCP,FMCG,return_on_equity_pct,12.34,16.67,Mar 2023
GODREJCP,FMCG,return_on_equity_pct,-4.45,1.19,Mar 2024
HINDUNILVR,FMCG,return_on_equity_pct,134.0,100.0,Mar 2013
HINDUNILVR,FMCG,return_on_equity_pct,111.85,96.43,Mar 2014
HINDUNILVR,FMCG,return_on_equity_pct,108.67,94.05,Mar 2015
HINDUNILVR,FMCG,return_on_equity_pct,63.14999999999999,83.33,Mar 2016
HINDUNILVR,FMCG,return_on_equity_pct,66.58,85.71,Mar 2017
HINDUNILVR,FMCG,return_on_equity_pct,71.78999999999999,86.9,Mar 2018
HINDUNILVR,FMCG,return_on_equity_pct,77.03,88.1,Mar 2019
HINDUNILVR,FMCG,return_on_equity_pct,82.1,89.29,Mar 2020
HINDUNILVR,FMCG,return_on_equity_pct,16.78,19.05,Mar 2021
HINDUNILVR,FMCG,return_on_equity_pct,18.12,20.24,Mar 2022
HINDUNILVR,FMCG,return_on_equity_pct,20.16,29.76,Mar 2023
HINDUNILVR,FMCG,return_on_equity_pct,20.07,28.57,Mar 2024
ITC,FMCG,return_on_equity_pct,33.27,66.67,Mar 2013
ITC,FMCG,return_on_equity_pct,33.05,65.48,Mar 2014
ITC,FMCG,return_on_equity_pct,30.81,59.52,Mar 2015
ITC,FMCG,return_on_equity_pct,22.26,39.29,Mar 2016
ITC,FMCG,return_on_equity_pct,22.57,40.48,Mar 2017
ITC,FMCG,return_on_equity_pct,21.89,34.52,Mar 2018
ITC,FMCG,return_on_equity_pct,21.7,32.74,Mar 2019
ITC,FMCG,return_on_equity_pct,23.89,44.05,Mar 2020
ITC,FMCG,return_on_equity_pct,22.18,38.1,Mar 2021
ITC,FMCG,return_on_equity_pct,24.82,46.43,Mar 2022
ITC,FMCG,return_on_equity_pct,28.16,54.76,Mar 2023
ITC,FMCG,return_on_equity_pct,27.85,53.57,Mar 2024
NESTLEIND,FMCG,return_on_equity_pct,47.17,76.19,Dec 2013
NESTLEIND,FMCG,return_on_equity_pct,41.77,72.62,Dec 2014
NESTLEIND,FMCG,return_on_equity_pct,19.99,27.38,Dec 2015
NESTLEIND,FMCG,return_on_equity_pct,30.5,58.33,Dec 2016
NESTLEIND,FMCG,return_on_equity_pct,35.82,69.05,Dec 2017
NESTLEIND,FMCG,return_on_equity_pct,43.75,73.81,Dec 2018
NESTLEIND,FMCG,return_on_equity_pct,102.61,91.67,Dec 2019
NESTLEIND,FMCG,return_on_equity_pct,103.12,92.86,Dec 2020
NESTLEIND,FMCG,return_on_equity_pct,108.84,95.24,Dec 2021
NESTLEIND,FMCG,return_on_equity_pct,97.23,90.48,Dec 2022
NESTLEIND,FMCG,return_on_equity_pct,121.96,98.81,Dec 2023
NESTLEIND,FMCG,return_on_equity_pct,117.75,97.62,Mar 2024
TATACONSUM,FMCG,return_on_equity_pct,9.25,15.48,Mar 2013
TATACONSUM,FMCG,return_on_equity_pct,8.72,14.29,Mar 2014
TATACONSUM,FMCG,return_on_equity_pct,4.97,4.76,Mar 2015
TATACONSUM,FMCG,return_on_equity_pct,-0.59,2.38,Mar 2016
TATACONSUM,FMCG,return_on_equity_pct,7.26,9.52,Mar 2017
TATACONSUM,FMCG,return_on_equity_pct,7.91,11.9,Mar 2018
TATACONSUM,FMCG,return_on_equity_pct,6.23,5.95,Mar 2019
TATACONSUM,FMCG,return_on_equity_pct,3.330000000000001,3.57,Mar 2020
TATACONSUM,FMCG,return_on_equity_pct,6.4,7.14,Mar 2021
TATACONSUM,FMCG,return_on_equity_pct,6.7,8.33,Mar 2022
TATACONSUM,FMCG,return_on_equity_pct,8.110000000000001,13.1,Mar 2023
TATACONSUM,FMCG,return_on_equity_pct,7.57,10.71,Mar 2024
BRITANNIA,FMCG,operating_profit_margin_pct,7.0,2.38,Mar 2013
BRITANNIA,FMCG,operating_profit_margin_pct,9.0,3.57,Mar 2014
BRITANNIA,FMCG,operating_profit_margin_pct,11.0,8.93,Mar 2015
BRITANNIA,FMCG,operating_profit_margin_pct,15.0,20.83,Mar 2016
BRITANNIA,FMCG,operating_profit_margin_pct,14.0,17.26,Mar 2017
BRITANNIA,FMCG,operating_profit_margin_pct,15.0,20.83,Mar 2018
BRITANNIA,FMCG,operating_profit_margin_pct,16.0,26.79,Mar 2019
BRITANNIA,FMCG,operating_profit_margin_pct,16.0,26.79,Mar 2020
BRITANNIA,FMCG,operating_profit_margin_pct,19.0,38.1,Mar 2021
BRITANNIA,FMCG,operating_profit_margin_pct,16.0,26.79,Mar 2022
BRITANNIA,FMCG,operating_profit_margin_pct,17.0,32.14,Mar 2023
BRITANNIA,FMCG,operating_profit_margin_pct,19.0,38.1,Mar 2024
DABUR,FMCG,operating_profit_margin_pct,16.0,26.79,Mar 2013
DABUR,FMCG,operating_profit_margin_pct,16.0,26.79,Mar 2014
DABUR,FMCG,operating_profit_margin_pct,17.0,32.14,Mar 2015
DABUR,FMCG,operating_profit_margin_pct,20.0,44.64,Mar 2016
DABUR,FMCG,operating_profit_margin_pct,20.0,44.64,Mar 2017
DABUR,FMCG,operating_profit_margin_pct,21.0,54.76,Mar 2018
DABUR,FMCG,operating_profit_margin_pct,20.0,44.64,Mar 2019
DABUR,FMCG,operating_profit_margin_pct,21.0,54.76,Mar 2020
DABUR,FMCG,operating_profit_margin_pct,21.0,54.76,Mar 2021
DABUR,FMCG,operating_profit_margin_pct,21.0,54.76,Mar 2022
DABUR,FMCG,operating_profit_margin_pct,19.0,38.1,Mar 2023
DABUR,FMCG,operating_profit_margin_pct,19.0,38.1,Mar 2024
GODREJCP,FMCG,operating_profit_margin_pct,16.0,26.79,Mar 2013
GODREJCP,FMCG,operating_profit_margin_pct,15.0,20.83,Mar 2014
GODREJCP,FMCG,operating_profit_margin_pct,17.0,32.14,Mar 2015
GODREJCP,FMCG,operating_profit_margin_pct,20.0,44.64,Mar 2016
GODREJCP,FMCG,operating_profit_margin_pct,21.0,54.76,Mar 2017
GODREJCP,FMCG,operating_profit_margin_pct,21.0,54.76,Mar 2018
GODREJCP,FMCG,operating_profit_margin_pct,21.0,54.76,Mar 2019
GODREJCP,FMCG,operating_profit_margin_pct,22.0,63.1,Mar 2020
GODREJCP,FMCG,operating_profit_margin_pct,22.0,63.1,Mar 2021
GODREJCP,FMCG,operating_profit_margin_pct,20.0,44.64,Mar 2022
GODREJCP,FMCG,operating_profit_margin_pct,18.0,34.52,Mar 2023
GODREJCP,FMCG,operating_profit_margin_pct,21.0,54.76,Mar 2024
HINDUNILVR,FMCG,operating_profit_margin_pct,4220.0,86.9,Mar 2013
HINDUNILVR,FMCG,operating_profit_margin_pct,4759.0,88.1,Mar 2014
HINDUNILVR,FMCG,operating_profit_margin_pct,5412.0,89.29,Mar 2015
HINDUNILVR,FMCG,operating_profit_margin_pct,5910.0,90.48,Mar 2016
HINDUNILVR,FMCG,operating_profit_margin_pct,6328.0,91.67,Mar 2017
HINDUNILVR,FMCG,operating_profit_margin_pct,7499.0,92.86,Mar 2018
HINDUNILVR,FMCG,operating_profit_margin_pct,8880.0,94.05,Mar 2019
HINDUNILVR,FMCG,operating_profit_margin_pct,9861.0,95.24,Mar 2020
HINDUNILVR,FMCG,operating_profit_margin_pct,11626.0,96.43,Mar 2021
HINDUNILVR,FMCG,operating_profit_margin_pct,12857.0,97.62,Mar 2022
HINDUNILVR,FMCG,operating_profit_margin_pct,14147.0,98.81,Mar 2023
HINDUNILVR,FMCG,operating_profit_margin_pct,14659.0,100.0,Mar 2024
ITC,FMCG,operating_profit_margin_pct,35.0,74.4,Mar 2013
ITC,FMCG,operating_profit_margin_pct,37.0,80.36,Mar 2014
ITC,FMCG,operating_profit_margin_pct,37.0,80.36,Mar 2015
ITC,FMCG,operating_profit_margin_pct,37.0,80.36,Mar 2016
ITC,FMCG,operating_profit_margin_pct,36.0,76.79,Mar 2017
ITC,FMCG,operating_profit_margin_pct,38.0,83.93,Mar 2018
ITC,FMCG,operating_profit_margin_pct,38.0,83.93,Mar 2019
ITC,FMCG,operating_profit_margin_pct,39.0,85.71,Mar 2020
ITC,FMCG,operating_profit_margin_pct,35.0,74.4,Mar 2021
ITC,FMCG,operating_profit_margin_pct,34.0,72.62,Mar 2022
ITC,FMCG,operating_profit_margin_pct,36.0,76.79,Mar 2023
ITC,FMCG,operating_profit_margin_pct,37.0,80.36,Mar 2024
NESTLEIND,FMCG,operating_profit_margin_pct,21.0,54.76,Dec 2013
NESTLEIND,FMCG,operating_profit_margin_pct,21.0,54.76,Dec 2014
NESTLEIND,FMCG,operating_profit_margin_pct,19.0,38.1,Dec 2015
NESTLEIND,FMCG,operating_profit_margin_pct,20.0,44.64,Dec 2016
NESTLEIND,FMCG,operating_profit_margin_pct,21.0,54.76,Dec 2017
NESTLEIND,FMCG,operating_profit_margin_pct,23.0,66.07,Dec 2018
NESTLEIND,FMCG,operating_profit_margin_pct,24.0,69.64,Dec 2019
NESTLEIND,FMCG,operating_profit_margin_pct,24.0,69.64,Dec 2020
NESTLEIND,FMCG,operating_profit_margin_pct,24.0,69.64,Dec 2021
NESTLEIND,FMCG,operating_profit_margin_pct,22.0,63.1,Dec 2022
NESTLEIND,FMCG,operating_profit_margin_pct,23.0,66.07,Dec 2023
NESTLEIND,FMCG,operating_profit_margin_pct,24.0,69.64,Mar 2024
TATACONSUM,FMCG,operating_profit_margin_pct,10.0,5.95,Mar 2013
TATACONSUM,FMCG,operating_profit_margin_pct,10.0,5.95,Mar 2014
TATACONSUM,FMCG,operating_profit_margin_pct,10.0,5.95,Mar 2015
TATACONSUM,FMCG,operating_profit_margin_pct,6.0,1.19,Mar 2016
TATACONSUM,FMCG,operating_profit_margin_pct,12.0,11.31,Mar 2017
TATACONSUM,FMCG,operating_profit_margin_pct,12.0,11.31,Mar 2018
TATACONSUM,FMCG,operating_profit_margin_pct,11.0,8.93,Mar 2019
TATACONSUM,FMCG,operating_profit_margin_pct,13.0,14.29,Mar 2020
TATACONSUM,FMCG,operating_profit_margin_pct,13.0,14.29,Mar 2021
TATACONSUM,FMCG,operating_profit_margin_pct,14.0,17.26,Mar 2022
TATACONSUM,FMCG,operating_profit_margin_pct,13.0,14.29,Mar 2023
TATACONSUM,FMCG,operating_profit_margin_pct,15.0,20.83,Mar 2024
BRITANNIA,FMCG,net_profit_margin_pct,4.2,4.76,Mar 2013
BRITANNIA,FMCG,net_profit_margin_pct,5.71,7.14,Mar 2014
BRITANNIA,FMCG,net_profit_margin_pct,8.77,19.05,Mar 2015
BRITANNIA,FMCG,net_profit_margin_pct,9.82,22.62,Mar 2016
BRITANNIA,FMCG,net_profit_margin_pct,9.77,21.43,Mar 2017
BRITANNIA,FMCG,net_profit_margin_pct,10.13,25.0,Mar 2018
BRITANNIA,FMCG,net_profit_margin_pct,10.45,26.19,Mar 2019
BRITANNIA,FMCG,net_profit_margin_pct,12.02,32.74,Mar 2020
BRITANNIA,FMCG,net_profit_margin_pct,14.09,48.81,Mar 2021
BRITANNIA,FMCG,net_profit_margin_pct,10.72,27.38,Mar 2022
BRITANNIA,FMCG,net_profit_margin_pct,14.21,52.38,Mar 2023
BRITANNIA,FMCG,net_profit_margin_pct,12.73,38.1,Mar 2024
DABUR,FMCG,net_profit_margin_pct,12.48,36.9,Mar 2013
DABUR,FMCG,net_profit_margin_pct,12.98,41.67,Mar 2014
DABUR,FMCG,net_profit_margin_pct,13.7,47.62,Mar 2015
DABUR,FMCG,net_profit_margin_pct,16.12,70.83,Mar 2016
DABUR,FMCG,net_profit_margin_pct,16.81,77.38,Mar 2017
DABUR,FMCG,net_profit_margin_pct,17.59,83.33,Mar 2018
DABUR,FMCG,net_profit_margin_pct,16.98,80.36,Mar 2019
DABUR,FMCG,net_profit_margin_pct,16.67,75.0,Mar 2020
DABUR,FMCG,net_profit_margin_pct,17.73,84.52,Mar 2021
DABUR,FMCG,net_profit_margin_pct,16.0,69.05,Mar 2022
DABUR,FMCG,net_profit_margin_pct,14.75,60.71,Mar 2023
DABUR,FMCG,net_profit_margin_pct,14.6,58.33,Mar 2024
GODREJCP,FMCG,net_profit_margin_pct,13.18,42.86,Mar 2013
GODREJCP,FMCG,net_profit_margin_pct,10.78,28.57,Mar 2014
GODREJCP,FMCG,net_profit_margin_pct,11.8,30.95,Mar 2015
GODREJCP,FMCG,net_profit_margin_pct,9.86,23.81,Mar 2016
GODREJCP,FMCG,net_profit_margin_pct,14.11,50.0,Mar 2017
GODREJCP,FMCG,net_profit_margin_pct,16.59,72.62,Mar 2018
GODREJCP,FMCG,net_profit_margin_pct,22.71,85.71,Mar 2019
GODREJCP,FMCG,net_profit_margin_pct,15.1,61.9,Mar 2020
GODREJCP,FMCG,net_profit_margin_pct,15.6,64.88,Mar 2021
GODREJCP,FMCG,net_profit_margin_pct,14.52,57.14,Mar 2022
GODREJCP,FMCG,net_profit_margin_pct,12.78,39.29,Mar 2023
GODREJCP,FMCG,net_profit_margin_pct,-3.98,1.19,Mar 2024
HINDUNILVR,FMCG,net_profit_margin_pct,14.22,53.57,Mar 2013
HINDUNILVR,FMCG,net_profit_margin_pct,13.53,44.05,Mar 2014
HINDUNILVR,FMCG,net_profit_margin_pct,13.69,46.43,Mar 2015
HINDUNILVR,FMCG,net_profit_margin_pct,12.9,40.48,Mar 2016
HINDUNILVR,FMCG,net_profit_margin_pct,13.54,45.24,Mar 2017
HINDUNILVR,FMCG,net_profit_margin_pct,14.71,59.52,Mar 2018
HINDUNILVR,FMCG,net_profit_margin_pct,15.42,63.1,Mar 2019
HINDUNILVR,FMCG,net_profit_margin_pct,16.98,80.36,Mar 2020
HINDUNILVR,FMCG,net_profit_margin_pct,17.01,82.14,Mar 2021
HINDUNILVR,FMCG,net_profit_margin_pct,16.95,78.57,Mar 2022
HINDUNILVR,FMCG,net_profit_margin_pct,16.74,76.19,Mar 2023
HINDUNILVR,FMCG,net_profit_margin_pct,16.61,73.81,Mar 2024
ITC,FMCG,net_profit_margin_pct,24.37,88.1,Mar 2013
ITC,FMCG,net_profit_margin_pct,25.49,91.67,Mar 2014
ITC,FMCG,net_profit_margin_pct,25.19,90.48,Mar 2015
ITC,FMCG,net_profit_margin_pct,24.24,86.9,Mar 2016
ITC,FMCG,net_profit_margin_pct,24.5,89.29,Mar 2017
ITC,FMCG,net_profit_margin_pct,26.45,94.05,Mar 2018
ITC,FMCG,net_profit_margin_pct,26.55,95.24,Mar 2019
ITC,FMCG,net_profit_margin_pct,31.57,100.0,Mar 2020
ITC,FMCG,net_profit_margin_pct,27.17,96.43,Mar 2021
ITC,FMCG,net_profit_margin_pct,25.56,92.86,Mar 2022
ITC,FMCG,net_profit_margin_pct,27.46,97.62,Mar 2023
ITC,FMCG,net_profit_margin_pct,29.28,98.81,Mar 2024
NESTLEIND,FMCG,net_profit_margin_pct,12.27,35.71,Dec 2013
NESTLEIND,FMCG,net_profit_margin_pct,12.02,32.74,Dec 2014
NESTLEIND,FMCG,net_profit_margin_pct,6.890000000000001,13.1,Dec 2015
NESTLEIND,FMCG,net_profit_margin_pct,10.95,29.76,Dec 2016
NESTLEIND,FMCG,net_profit_margin_pct,12.24,34.52,Dec 2017
NESTLEIND,FMCG,net_profit_margin_pct,14.23,54.76,Dec 2018
NESTLEIND,FMCG,net_profit_margin_pct,15.91,67.86,Dec 2019
NESTLEIND,FMCG,net_profit_margin_pct,15.6,64.88,Dec 2020
NESTLEIND,FMCG,net_profit_margin_pct,14.37,55.95,Dec 2021
NESTLEIND,FMCG,net_profit_margin_pct,14.15,51.19,Dec 2022
NESTLEIND,FMCG,net_profit_margin_pct,15.68,66.67,Dec 2023
NESTLEIND,FMCG,net_profit_margin_pct,16.12,70.83,Mar 2024
TATACONSUM,FMCG,net_profit_margin_pct,6.05,8.33,Mar 2013
TATACONSUM,FMCG,net_profit_margin_pct,6.59,10.71,Mar 2014
TATACONSUM,FMCG,net_profit_margin_pct,3.42,3.57,Mar 2015
TATACONSUM,FMCG,net_profit_margin_pct,-0.5599999999999999,2.38,Mar 2016
TATACONSUM,FMCG,net_profit_margin_pct,6.710000000000001,11.9,Mar 2017
TATACONSUM,FMCG,net_profit_margin_pct,8.16,16.67,Mar 2018
TATACONSUM,FMCG,net_profit_margin_pct,6.3,9.52,Mar 2019
TATACONSUM,FMCG,net_profit_margin_pct,4.77,5.95,Mar 2020
TATACONSUM,FMCG,net_profit_margin_pct,8.02,15.48,Mar 2021
TATACONSUM,FMCG,net_profit_margin_pct,8.17,17.86,Mar 2022
TATACONSUM,FMCG,net_profit_margin_pct,9.58,20.24,Mar 2023
TATACONSUM,FMCG,net_profit_margin_pct,7.99,14.29,Mar 2024
BRITANNIA,FMCG,debt_to_equity,0.681,4.76,Mar 2013
BRITANNIA,FMCG,debt_to_equity,0.188,32.14,Mar 2014
BRITANNIA,FMCG,debt_to_equity,0.1165,45.24,Mar 2015
BRITANNIA,FMCG,debt_to_equity,0.0626,60.71,Mar 2016
BRITANNIA,FMCG,debt_to_equity,0.0464,63.1,Mar 2017
BRITANNIA,FMCG,debt_to_equity,0.059,61.9,Mar 2018
BRITANNIA,FMCG,debt_to_equity,0.0367,65.48,Mar 2019
BRITANNIA,FMCG,debt_to_equity,0.3493,17.86,Mar 2020
BRITANNIA,FMCG,debt_to_equity,0.5981,9.52,Mar 2021
BRITANNIA,FMCG,debt_to_equity,0.9699,0.0,Mar 2022
BRITANNIA,FMCG,debt_to_equity,0.848,1.19,Mar 2023
BRITANNIA,FMCG,debt_to_equity,0.524,13.1,Mar 2024
DABUR,FMCG,debt_to_equity,0.5494,11.9,Mar 2013
DABUR,FMCG,debt_to_equity,0.2666,20.24,Mar 2014
DABUR,FMCG,debt_to_equity,0.2188,25.0,Mar 2015
DABUR,FMCG,debt_to_equity,0.193,30.95,Mar 2016
DABUR,FMCG,debt_to_equity,0.2012,28.57,Mar 2017
DABUR,FMCG,debt_to_equity,0.1644,33.33,Mar 2018
DABUR,FMCG,debt_to_equity,0.1241,42.86,Mar 2019
DABUR,FMCG,debt_to_equity,0.079,57.14,Mar 2020
DABUR,FMCG,debt_to_equity,0.0664,59.52,Mar 2021
DABUR,FMCG,debt_to_equity,0.1229,44.05,Mar 2022
DABUR,FMCG,debt_to_equity,0.1308,40.48,Mar 2023
DABUR,FMCG,debt_to_equity,0.1384,38.1,Mar 2024
GODREJCP,FMCG,debt_to_equity,0.7413,3.57,Mar 2013
GODREJCP,FMCG,debt_to_equity,0.6286,8.33,Mar 2014
GODREJCP,FMCG,debt_to_equity,0.6302,7.14,Mar 2015
GODREJCP,FMCG,debt_to_equity,0.6775,5.95,Mar 2016
GODREJCP,FMCG,debt_to_equity,0.7546,2.38,Mar 2017
GODREJCP,FMCG,debt_to_equity,0.5606,10.71,Mar 2018
GODREJCP,FMCG,debt_to_equity,0.4654,15.48,Mar 2019
GODREJCP,FMCG,debt_to_equity,0.4526,16.67,Mar 2020
GODREJCP,FMCG,debt_to_equity,0.1975,29.76,Mar 2021
GODREJCP,FMCG,debt_to_equity,0.1475,36.9,Mar 2022
GODREJCP,FMCG,debt_to_equity,0.0819,55.95,Mar 2023
GODREJCP,FMCG,debt_to_equity,0.2558,21.43,Mar 2024
HINDUNILVR,FMCG,debt_to_equity,0.0087,79.76,Mar 2013
HINDUNILVR,FMCG,debt_to_equity,0.013,71.43,Mar 2014
HINDUNILVR,FMCG,debt_to_equity,0.0107,73.81,Mar 2015
HINDUNILVR,FMCG,debt_to_equity,0.0269,67.86,Mar 2016
HINDUNILVR,FMCG,debt_to_equity,0.0411,64.29,Mar 2017
HINDUNILVR,FMCG,debt_to_equity,0.0,97.62,Mar 2018
HINDUNILVR,FMCG,debt_to_equity,0.0126,72.62,Mar 2019
HINDUNILVR,FMCG,debt_to_equity,0.0,97.62,Mar 2020
HINDUNILVR,FMCG,debt_to_equity,0.0,97.62,Mar 2021
HINDUNILVR,FMCG,debt_to_equity,0.0213,70.24,Mar 2022
HINDUNILVR,FMCG,debt_to_equity,0.0242,69.05,Mar 2023
HINDUNILVR,FMCG,debt_to_equity,0.029,66.67,Mar 2024
ITC,FMCG,debt_to_equity,0.0044,86.31,Mar 2013
ITC,FMCG,debt_to_equity,0.0089,78.57,Mar 2014
ITC,FMCG,debt_to_equity,0.0085,80.95,Mar 2015
ITC,FMCG,debt_to_equity,0.002,91.67,Mar 2016
ITC,FMCG,debt_to_equity,0.001,92.86,Mar 2017
ITC,FMCG,debt_to_equity,0.0007,94.05,Mar 2018
ITC,FMCG,debt_to_equity,0.0002,95.24,Mar 2019
ITC,FMCG,debt_to_equity,0.0042,88.1,Mar 2020
ITC,FMCG,debt_to_equity,0.0045,84.52,Mar 2021
ITC,FMCG,debt_to_equity,0.004,90.48,Mar 2022
ITC,FMCG,debt_to_equity,0.0044,86.31,Mar 2023
ITC,FMCG,debt_to_equity,0.0041,89.29,Mar 2024
NESTLEIND,FMCG,debt_to_equity,0.5021,14.29,Dec 2013
NESTLEIND,FMCG,debt_to_equity,0.007,82.14,Dec 2014
NESTLEIND,FMCG,debt_to_equity,0.0064,83.33,Dec 2015
NESTLEIND,FMCG,debt_to_equity,0.0101,76.19,Dec 2016
NESTLEIND,FMCG,debt_to_equity,0.0102,75.0,Dec 2017
NESTLEIND,FMCG,debt_to_equity,0.0095,77.38,Dec 2018
NESTLEIND,FMCG,debt_to_equity,0.0985,52.38,Dec 2019
NESTLEIND,FMCG,debt_to_equity,0.0728,58.33,Dec 2020
NESTLEIND,FMCG,debt_to_equity,0.1367,39.29,Dec 2021
NESTLEIND,FMCG,debt_to_equity,0.1102,49.4,Dec 2022
NESTLEIND,FMCG,debt_to_equity,0.1102,49.4,Dec 2023
NESTLEIND,FMCG,debt_to_equity,0.1033,51.19,Mar 2024
TATACONSUM,FMCG,debt_to_equity,0.2888,19.05,Mar 2013
TATACONSUM,FMCG,debt_to_equity,0.2459,22.62,Mar 2014
TATACONSUM,FMCG,debt_to_equity,0.241,23.81,Mar 2015
TATACONSUM,FMCG,debt_to_equity,0.2167,26.19,Mar 2016
TATACONSUM,FMCG,debt_to_equity,0.1256,41.67,Mar 2017
TATACONSUM,FMCG,debt_to_equity,0.1519,35.71,Mar 2018
TATACONSUM,FMCG,debt_to_equity,0.1556,34.52,Mar 2019
TATACONSUM,FMCG,debt_to_equity,0.1148,46.43,Mar 2020
TATACONSUM,FMCG,debt_to_equity,0.1124,47.62,Mar 2021
TATACONSUM,FMCG,debt_to_equity,0.0933,54.76,Mar 2022
TATACONSUM,FMCG,debt_to_equity,0.0983,53.57,Mar 2023
TATACONSUM,FMCG,debt_to_equity,0.2165,27.38,Mar 2024
BRITANNIA,FMCG,interest_coverage,11.5366,11.9,Mar 2013
BRITANNIA,FMCG,interest_coverage,82.625,72.62,Mar 2014
BRITANNIA,FMCG,interest_coverage,274.5,89.29,Mar 2015
BRITANNIA,FMCG,interest_coverage,267.8,86.9,Mar 2016
BRITANNIA,FMCG,interest_coverage,285.8,90.48,Mar 2017
BRITANNIA,FMCG,interest_coverage,208.375,83.33,Mar 2018
BRITANNIA,FMCG,interest_coverage,215.3333,85.71,Mar 2019
BRITANNIA,FMCG,interest_coverage,27.3506,50.0,Mar 2020
BRITANNIA,FMCG,interest_coverage,25.4234,47.62,Mar 2021
BRITANNIA,FMCG,interest_coverage,16.8264,22.62,Mar 2022
BRITANNIA,FMCG,interest_coverage,20.284,28.57,Mar 2023
BRITANNIA,FMCG,interest_coverage,20.5976,34.52,Mar 2024
DABUR,FMCG,interest_coverage,18.5085,27.38,Mar 2013
DABUR,FMCG,interest_coverage,23.8519,41.67,Mar 2014
DABUR,FMCG,interest_coverage,36.85,58.33,Mar 2015
DABUR,FMCG,interest_coverage,36.1458,57.14,Mar 2016
DABUR,FMCG,interest_coverage,33.4815,54.76,Mar 2017
DABUR,FMCG,interest_coverage,36.0,55.95,Mar 2018
DABUR,FMCG,interest_coverage,32.7,52.38,Mar 2019
DABUR,FMCG,interest_coverage,39.94,60.71,Mar 2020
DABUR,FMCG,interest_coverage,75.0645,70.24,Mar 2021
DABUR,FMCG,interest_coverage,65.641,67.86,Mar 2022
DABUR,FMCG,interest_coverage,33.4231,53.57,Mar 2023
DABUR,FMCG,interest_coverage,23.2419,40.48,Mar 2024
GODREJCP,FMCG,interest_coverage,13.6667,17.86,Mar 2013
GODREJCP,FMCG,interest_coverage,10.2583,7.14,Mar 2014
GODREJCP,FMCG,interest_coverage,12.9643,15.48,Mar 2015
GODREJCP,FMCG,interest_coverage,10.8984,10.71,Mar 2016
GODREJCP,FMCG,interest_coverage,12.8766,14.29,Mar 2017
GODREJCP,FMCG,interest_coverage,13.6821,19.05,Mar 2018
GODREJCP,FMCG,interest_coverage,10.479,8.33,Mar 2019
GODREJCP,FMCG,interest_coverage,9.5877,4.76,Mar 2020
GODREJCP,FMCG,interest_coverage,17.5507,26.19,Mar 2021
GODREJCP,FMCG,interest_coverage,20.3852,30.95,Mar 2022
GODREJCP,FMCG,interest_coverage,13.6011,16.67,Mar 2023
GODREJCP,FMCG,interest_coverage,2.4129,1.19,Mar 2024
HINDUNILVR,FMCG,interest_coverage,20.3028,29.76,Mar 2013
HINDUNILVR,FMCG,interest_coverage,30.923,51.19,Mar 2014
HINDUNILVR,FMCG,interest_coverage,21.3128,36.9,Mar 2015
HINDUNILVR,FMCG,interest_coverage,54.1029,64.29,Mar 2016
HINDUNILVR,FMCG,interest_coverage,44.3119,63.1,Mar 2017
HINDUNILVR,FMCG,interest_coverage,79.5099,71.43,Mar 2018
HINDUNILVR,FMCG,interest_coverage,94.5745,73.81,Mar 2019
HINDUNILVR,FMCG,interest_coverage,70.6297,69.05,Mar 2020
HINDUNILVR,FMCG,interest_coverage,208.3941,84.52,Mar 2021
HINDUNILVR,FMCG,interest_coverage,180.8858,80.95,Mar 2022
HINDUNILVR,FMCG,interest_coverage,103.6964,75.0,Mar 2023
HINDUNILVR,FMCG,interest_coverage,57.847,66.67,Mar 2024
ITC,FMCG,interest_coverage,111.787,76.19,Mar 2013
ITC,FMCG,interest_coverage,484.3448,100.0,Mar 2014
ITC,FMCG,interest_coverage,170.1209,79.76,Mar 2015
ITC,FMCG,interest_coverage,205.3077,82.14,Mar 2016
ITC,FMCG,interest_coverage,351.6122,94.05,Mar 2017
ITC,FMCG,interest_coverage,163.1391,78.57,Mar 2018
ITC,FMCG,interest_coverage,290.3803,91.67,Mar 2019
ITC,FMCG,interest_coverage,268.6543,88.1,Mar 2020
ITC,FMCG,interest_coverage,338.6552,92.86,Mar 2021
ITC,FMCG,interest_coverage,375.55,97.62,Mar 2022
ITC,FMCG,interest_coverage,356.4359,95.24,Mar 2023
ITC,FMCG,interest_coverage,362.9625,96.43,Mar 2024
NESTLEIND,FMCG,interest_coverage,55.2703,65.48,Dec 2013
NESTLEIND,FMCG,interest_coverage,151.8571,77.38,Dec 2014
NESTLEIND,FMCG,interest_coverage,388.0,98.81,Dec 2015
NESTLEIND,FMCG,interest_coverage,21.8681,38.1,Dec 2016
NESTLEIND,FMCG,interest_coverage,24.7174,45.24,Dec 2017
NESTLEIND,FMCG,interest_coverage,25.6875,48.81,Dec 2018
NESTLEIND,FMCG,interest_coverage,24.5969,42.86,Dec 2019
NESTLEIND,FMCG,interest_coverage,20.4146,32.14,Dec 2020
NESTLEIND,FMCG,interest_coverage,17.0792,23.81,Dec 2021
NESTLEIND,FMCG,interest_coverage,24.6,44.05,Dec 2022
NESTLEIND,FMCG,interest_coverage,38.5462,59.52,Dec 2023
NESTLEIND,FMCG,interest_coverage,41.1862,61.9,Mar 2024
TATACONSUM,FMCG,interest_coverage,9.8333,5.95,Mar 2013
TATACONSUM,FMCG,interest_coverage,10.5977,9.52,Mar 2014
TATACONSUM,FMCG,interest_coverage,8.7195,3.57,Mar 2015
TATACONSUM,FMCG,interest_coverage,3.453,2.38,Mar 2016
TATACONSUM,FMCG,interest_coverage,20.4419,33.33,Mar 2017
TATACONSUM,FMCG,interest_coverage,17.5385,25.0,Mar 2018
TATACONSUM,FMCG,interest_coverage,11.6667,13.1,Mar 2019
TATACONSUM,FMCG,interest_coverage,16.3623,20.24,Mar 2020
TATACONSUM,FMCG,interest_coverage,22.3973,39.29,Mar 2021
TATACONSUM,FMCG,interest_coverage,20.7701,35.71,Mar 2022
TATACONSUM,FMCG,interest_coverage,16.8,21.43,Mar 2023
TATACONSUM,FMCG,interest_coverage,25.3218,46.43,Mar 2024
BRITANNIA,FMCG,asset_turnover,3.2847,100.0,Mar 2013
BRITANNIA,FMCG,asset_turnover,3.281,98.81,Mar 2014
BRITANNIA,FMCG,asset_turnover,2.8135,97.62,Mar 2015
BRITANNIA,FMCG,asset_turnover,2.4033,96.43,Mar 2016
BRITANNIA,FMCG,asset_turnover,2.2035,91.67,Mar 2017
BRITANNIA,FMCG,asset_turnover,1.9109,82.14,Mar 2018
BRITANNIA,FMCG,asset_turnover,1.7722,76.19,Mar 2019
BRITANNIA,FMCG,asset_turnover,1.4815,69.05,Mar 2020
BRITANNIA,FMCG,asset_turnover,1.642,70.24,Mar 2021
BRITANNIA,FMCG,asset_turnover,1.878,79.76,Mar 2022
BRITANNIA,FMCG,asset_turnover,1.7432,75.0,Mar 2023
BRITANNIA,FMCG,asset_turnover,1.8484,78.57,Mar 2024
DABUR,FMCG,asset_turnover,1.3039,60.71,Mar 2013
DABUR,FMCG,asset_turnover,1.3287,61.9,Mar 2014
DABUR,FMCG,asset_turnover,1.2766,59.52,Mar 2015
DABUR,FMCG,asset_turnover,1.1223,58.33,Mar 2016
DABUR,FMCG,asset_turnover,0.9847,55.95,Mar 2017
DABUR,FMCG,asset_turnover,0.8874,50.0,Mar 2018
DABUR,FMCG,asset_turnover,1.0092,57.14,Mar 2019
DABUR,FMCG,asset_turnover,0.9302,54.76,Mar 2020
DABUR,FMCG,asset_turnover,0.8827,47.62,Mar 2021
DABUR,FMCG,asset_turnover,0.8864,48.81,Mar 2022
DABUR,FMCG,asset_turnover,0.8446,41.67,Mar 2023
DABUR,FMCG,asset_turnover,0.8206,35.71,Mar 2024
GODREJCP,FMCG,asset_turnover,0.8333,39.29,Mar 2013
GODREJCP,FMCG,asset_turnover,0.9133,53.57,Mar 2014
GODREJCP,FMCG,asset_turnover,0.9066,52.38,Mar 2015
GODREJCP,FMCG,asset_turnover,0.8703,46.43,Mar 2016
GODREJCP,FMCG,asset_turnover,0.7162,20.24,Mar 2017
GODREJCP,FMCG,asset_turnover,0.7103,19.05,Mar 2018
GODREJCP,FMCG,asset_turnover,0.7318,21.43,Mar 2019
GODREJCP,FMCG,asset_turnover,0.6661,9.52,Mar 2020
GODREJCP,FMCG,asset_turnover,0.7743,30.95,Mar 2021
GODREJCP,FMCG,asset_turnover,0.7633,25.0,Mar 2022
GODREJCP,FMCG,asset_turnover,0.7637,26.19,Mar 2023
GODREJCP,FMCG,asset_turnover,0.7664,28.57,Mar 2024
HINDUNILVR,FMCG,asset_turnover,2.2332,94.05,Mar 2013
HINDUNILVR,FMCG,asset_turnover,2.1255,88.1,Mar 2014
HINDUNILVR,FMCG,asset_turnover,2.2157,92.86,Mar 2015
HINDUNILVR,FMCG,asset_turnover,2.1758,90.48,Mar 2016
HINDUNILVR,FMCG,asset_turnover,2.1114,86.9,Mar 2017
HINDUNILVR,FMCG,asset_turnover,1.99,84.52,Mar 2018
HINDUNILVR,FMCG,asset_turnover,2.1102,85.71,Mar 2019
HINDUNILVR,FMCG,asset_turnover,1.974,83.33,Mar 2020
HINDUNILVR,FMCG,asset_turnover,0.6841,16.67,Mar 2021
HINDUNILVR,FMCG,asset_turnover,0.7439,22.62,Mar 2022
HINDUNILVR,FMCG,asset_turnover,0.829,38.1,Mar 2023
HINDUNILVR,FMCG,asset_turnover,0.7886,34.52,Mar 2024
ITC,FMCG,asset_turnover,0.895,51.19,Mar 2013
ITC,FMCG,asset_turnover,0.8643,45.24,Mar 2014
ITC,FMCG,asset_turnover,0.8447,42.86,Mar 2015
ITC,FMCG,asset_turnover,0.7588,23.81,Mar 2016
ITC,FMCG,asset_turnover,0.7651,27.38,Mar 2017
ITC,FMCG,asset_turnover,0.6763,15.48,Mar 2018
ITC,FMCG,asset_turnover,0.6738,14.29,Mar 2019
ITC,FMCG,asset_turnover,0.6388,7.14,Mar 2020
ITC,FMCG,asset_turnover,0.6678,11.9,Mar 2021
ITC,FMCG,asset_turnover,0.7856,33.33,Mar 2022
ITC,FMCG,asset_turnover,0.8263,36.9,Mar 2023
ITC,FMCG,asset_turnover,0.7723,29.76,Mar 2024
NESTLEIND,FMCG,asset_turnover,1.4414,67.86,Dec 2013
NESTLEIND,FMCG,asset_turnover,1.6933,72.62,Dec 2014
NESTLEIND,FMCG,asset_turnover,1.3432,64.29,Dec 2015
NESTLEIND,FMCG,asset_turnover,1.3423,63.1,Dec 2016
NESTLEIND,FMCG,asset_turnover,1.3595,65.48,Dec 2017
NESTLEIND,FMCG,asset_turnover,1.3961,66.67,Dec 2018
NESTLEIND,FMCG,asset_turnover,1.7244,73.81,Dec 2019
NESTLEIND,FMCG,asset_turnover,1.6899,71.43,Dec 2020
NESTLEIND,FMCG,asset_turnover,1.7903,77.38,Dec 2021
NESTLEIND,FMCG,asset_turnover,1.8818,80.95,Dec 2022
NESTLEIND,FMCG,asset_turnover,2.1301,89.29,Dec 2023
NESTLEIND,FMCG,asset_turnover,2.3182,95.24,Mar 2024
TATACONSUM,FMCG,asset_turnover,0.8359,40.48,Mar 2013
TATACONSUM,FMCG,asset_turnover,0.7807,32.14,Mar 2014
TATACONSUM,FMCG,asset_turnover,0.8451,44.05,Mar 2015
TATACONSUM,FMCG,asset_turnover,0.6707,13.1,Mar 2016
TATACONSUM,FMCG,asset_turnover,0.7099,17.86,Mar 2017
TATACONSUM,FMCG,asset_turnover,0.6515,8.33,Mar 2018
TATACONSUM,FMCG,asset_turnover,0.6665,10.71,Mar 2019
TATACONSUM,FMCG,asset_turnover,0.5217,1.19,Mar 2020
TATACONSUM,FMCG,asset_turnover,0.5738,3.57,Mar 2021
TATACONSUM,FMCG,asset_turnover,0.5896,4.76,Mar 2022
TATACONSUM,FMCG,asset_turnover,0.6055,5.95,Mar 2023
TATACONSUM,FMCG,asset_turnover,0.5454,2.38,Mar 2024
CIPLA,Pharmaceuticals,return_on_equity_pct,17.13,53.33,Mar 2013
CIPLA,Pharmaceuticals,return_on_equity_pct,13.97,40.0,Mar 2014
CIPLA,Pharmaceuticals,return_on_equity_pct,11.38,25.0,Mar 2015
CIPLA,Pharmaceuticals,return_on_equity_pct,12.01,28.33,Mar 2016
CIPLA,Pharmaceuticals,return_on_equity_pct,8.25,10.0,Mar 2017
CIPLA,Pharmaceuticals,return_on_equity_pct,9.959999999999999,18.33,Mar 2018
CIPLA,Pharmaceuticals,return_on_equity_pct,9.94,16.67,Mar 2019
CIPLA,Pharmaceuticals,return_on_equity_pct,9.520000000000001,15.0,Mar 2020
CIPLA,Pharmaceuticals,return_on_equity_pct,13.04,35.0,Mar 2021
CIPLA,Pharmaceuticals,return_on_equity_pct,12.22,31.67,Mar 2022
CIPLA,Pharmaceuticals,return_on_equity_pct,12.1,30.0,Mar 2023
CIPLA,Pharmaceuticals,return_on_equity_pct,15.55,50.0,Mar 2024
DIVISLAB,Pharmaceuticals,return_on_equity_pct,24.07,83.33,Mar 2013
DIVISLAB,Pharmaceuticals,return_on_equity_pct,26.08,91.67,Mar 2014
DIVISLAB,Pharmaceuticals,return_on_equity_pct,24.37,86.67,Mar 2015
DIVISLAB,Pharmaceuticals,return_on_equity_pct,26.23,93.33,Mar 2016
DIVISLAB,Pharmaceuticals,return_on_equity_pct,19.79,63.33,Mar 2017
DIVISLAB,Pharmaceuticals,return_on_equity_pct,14.8,45.0,Mar 2018
DIVISLAB,Pharmaceuticals,return_on_equity_pct,19.45,60.0,Mar 2019
DIVISLAB,Pharmaceuticals,return_on_equity_pct,18.84,56.67,Mar 2020
DIVISLAB,Pharmaceuticals,return_on_equity_pct,21.34,70.0,Mar 2021
DIVISLAB,Pharmaceuticals,return_on_equity_pct,25.24,90.0,Mar 2022
DIVISLAB,Pharmaceuticals,return_on_equity_pct,14.29,41.67,Mar 2023
DIVISLAB,Pharmaceuticals,return_on_equity_pct,11.79,26.67,Mar 2024
DRREDDY,Pharmaceuticals,return_on_equity_pct,23.98,81.67,Mar 2013
DRREDDY,Pharmaceuticals,return_on_equity_pct,24.96,88.33,Mar 2014
DRREDDY,Pharmaceuticals,return_on_equity_pct,23.71,80.0,Mar 2015
DRREDDY,Pharmaceuticals,return_on_equity_pct,16.95,51.67,Mar 2016
DRREDDY,Pharmaceuticals,return_on_equity_pct,10.54,20.0,Mar 2017
DRREDDY,Pharmaceuticals,return_on_equity_pct,7.53,6.67,Mar 2018
DRREDDY,Pharmaceuticals,return_on_equity_pct,13.9,38.33,Mar 2019
DRREDDY,Pharmaceuticals,return_on_equity_pct,12.99,33.33,Mar 2020
DRREDDY,Pharmaceuticals,return_on_equity_pct,11.07,21.67,Mar 2021
DRREDDY,Pharmaceuticals,return_on_equity_pct,11.36,23.33,Mar 2022
DRREDDY,Pharmaceuticals,return_on_equity_pct,19.35,58.33,Mar 2023
DRREDDY,Pharmaceuticals,return_on_equity_pct,19.74,61.67,Mar 2024
SUNPHARMA,Pharmaceuticals,return_on_equity_pct,23.14,78.33,Mar 2013
SUNPHARMA,Pharmaceuticals,return_on_equity_pct,20.94,66.67,Mar 2014
SUNPHARMA,Pharmaceuticals,return_on_equity_pct,21.36,71.67,Mar 2015
SUNPHARMA,Pharmaceuticals,return_on_equity_pct,17.15,55.0,Mar 2016
SUNPHARMA,Pharmaceuticals,return_on_equity_pct,21.41,73.33,Mar 2017
SUNPHARMA,Pharmaceuticals,return_on_equity_pct,6.63,3.33,Mar 2018
SUNPHARMA,Pharmaceuticals,return_on_equity_pct,7.75,8.33,Mar 2019
SUNPHARMA,Pharmaceuticals,return_on_equity_pct,9.22,11.67,Mar 2020
SUNPHARMA,Pharmaceuticals,return_on_equity_pct,4.89,1.67,Mar 2021
SUNPHARMA,Pharmaceuticals,return_on_equity_pct,7.06,5.0,Mar 2022
SUNPHARMA,Pharmaceuticals,return_on_equity_pct,15.2,48.33,Mar 2023
SUNPHARMA,Pharmaceuticals,return_on_equity_pct,15.09,46.67,Mar 2024
TORNTPHARM,Pharmaceuticals,return_on_equity_pct,30.59,96.67,Mar 2013
TORNTPHARM,Pharmaceuticals,return_on_equity_pct,34.89,98.33,Mar 2014
TORNTPHARM,Pharmaceuticals,return_on_equity_pct,30.15,95.0,Mar 2015
TORNTPHARM,Pharmaceuticals,return_on_equity_pct,49.6,100.0,Mar 2016
TORNTPHARM,Pharmaceuticals,return_on_equity_pct,21.47,76.67,Mar 2017
TORNTPHARM,Pharmaceuticals,return_on_equity_pct,14.67,43.33,Mar 2018
TORNTPHARM,Pharmaceuticals,return_on_equity_pct,9.229999999999999,13.33,Mar 2019
TORNTPHARM,Pharmaceuticals,return_on_equity_pct,21.25,68.33,Mar 2020
TORNTPHARM,Pharmaceuticals,return_on_equity_pct,21.45,75.0,Mar 2021
TORNTPHARM,Pharmaceuticals,return_on_equity_pct,13.05,36.67,Mar 2022
TORNTPHARM,Pharmaceuticals,return_on_equity_pct,20.09,65.0,Mar 2023
TORNTPHARM,Pharmaceuticals,return_on_equity_pct,24.15,85.0,Mar 2024
CIPLA,Pharmaceuticals,operating_profit_margin_pct,2214.0,85.0,Mar 2013
CIPLA,Pharmaceuticals,operating_profit_margin_pct,2147.0,81.67,Mar 2014
CIPLA,Pharmaceuticals,operating_profit_margin_pct,2163.0,83.33,Mar 2015
CIPLA,Pharmaceuticals,operating_profit_margin_pct,2480.0,86.67,Mar 2016
CIPLA,Pharmaceuticals,operating_profit_margin_pct,2496.0,88.33,Mar 2017
CIPLA,Pharmaceuticals,operating_profit_margin_pct,2826.0,90.0,Mar 2018
CIPLA,Pharmaceuticals,operating_profit_margin_pct,3097.0,91.67,Mar 2019
CIPLA,Pharmaceuticals,operating_profit_margin_pct,3206.0,93.33,Mar 2020
CIPLA,Pharmaceuticals,operating_profit_margin_pct,4252.0,95.0,Mar 2021
CIPLA,Pharmaceuticals,operating_profit_margin_pct,4553.0,96.67,Mar 2022
CIPLA,Pharmaceuticals,operating_profit_margin_pct,5027.0,98.33,Mar 2023
CIPLA,Pharmaceuticals,operating_profit_margin_pct,6291.0,100.0,Mar 2024
DIVISLAB,Pharmaceuticals,operating_profit_margin_pct,38.0,67.5,Mar 2013
DIVISLAB,Pharmaceuticals,operating_profit_margin_pct,40.0,71.67,Mar 2014
DIVISLAB,Pharmaceuticals,operating_profit_margin_pct,38.0,67.5,Mar 2015
DIVISLAB,Pharmaceuticals,operating_profit_margin_pct,38.0,67.5,Mar 2016
DIVISLAB,Pharmaceuticals,operating_profit_margin_pct,36.0,63.33,Mar 2017
DIVISLAB,Pharmaceuticals,operating_profit_margin_pct,33.0,60.0,Mar 2018
DIVISLAB,Pharmaceuticals,operating_profit_margin_pct,38.0,67.5,Mar 2019
DIVISLAB,Pharmaceuticals,operating_profit_margin_pct,34.0,61.67,Mar 2020
DIVISLAB,Pharmaceuticals,operating_profit_margin_pct,41.0,74.17,Mar 2021
DIVISLAB,Pharmaceuticals,operating_profit_margin_pct,43.0,77.5,Mar 2022
DIVISLAB,Pharmaceuticals,operating_profit_margin_pct,31.0,55.0,Mar 2023
DIVISLAB,Pharmaceuticals,operating_profit_margin_pct,28.0,43.33,Mar 2024
DRREDDY,Pharmaceuticals,operating_profit_margin_pct,23.0,23.33,Mar 2013
DRREDDY,Pharmaceuticals,operating_profit_margin_pct,24.0,29.17,Mar 2014
DRREDDY,Pharmaceuticals,operating_profit_margin_pct,23.0,23.33,Mar 2015
DRREDDY,Pharmaceuticals,operating_profit_margin_pct,23.0,23.33,Mar 2016
DRREDDY,Pharmaceuticals,operating_profit_margin_pct,17.0,5.83,Mar 2017
DRREDDY,Pharmaceuticals,operating_profit_margin_pct,16.0,3.33,Mar 2018
DRREDDY,Pharmaceuticals,operating_profit_margin_pct,21.0,11.67,Mar 2019
DRREDDY,Pharmaceuticals,operating_profit_margin_pct,14.0,1.67,Mar 2020
DRREDDY,Pharmaceuticals,operating_profit_margin_pct,20.0,8.33,Mar 2021
DRREDDY,Pharmaceuticals,operating_profit_margin_pct,17.0,5.83,Mar 2022
DRREDDY,Pharmaceuticals,operating_profit_margin_pct,26.0,34.17,Mar 2023
DRREDDY,Pharmaceuticals,operating_profit_margin_pct,28.0,43.33,Mar 2024
SUNPHARMA,Pharmaceuticals,operating_profit_margin_pct,43.0,77.5,Mar 2013
SUNPHARMA,Pharmaceuticals,operating_profit_margin_pct,44.0,80.0,Mar 2014
SUNPHARMA,Pharmaceuticals,operating_profit_margin_pct,29.0,48.33,Mar 2015
SUNPHARMA,Pharmaceuticals,operating_profit_margin_pct,29.0,48.33,Mar 2016
SUNPHARMA,Pharmaceuticals,operating_profit_margin_pct,32.0,58.33,Mar 2017
SUNPHARMA,Pharmaceuticals,operating_profit_margin_pct,21.0,11.67,Mar 2018
SUNPHARMA,Pharmaceuticals,operating_profit_margin_pct,22.0,16.67,Mar 2019
SUNPHARMA,Pharmaceuticals,operating_profit_margin_pct,21.0,11.67,Mar 2020
SUNPHARMA,Pharmaceuticals,operating_profit_margin_pct,25.0,31.67,Mar 2021
SUNPHARMA,Pharmaceuticals,operating_profit_margin_pct,27.0,38.33,Mar 2022
SUNPHARMA,Pharmaceuticals,operating_profit_margin_pct,27.0,38.33,Mar 2023
SUNPHARMA,Pharmaceuticals,operating_profit_margin_pct,28.0,43.33,Mar 2024
TORNTPHARM,Pharmaceuticals,operating_profit_margin_pct,22.0,16.67,Mar 2013
TORNTPHARM,Pharmaceuticals,operating_profit_margin_pct,23.0,23.33,Mar 2014
TORNTPHARM,Pharmaceuticals,operating_profit_margin_pct,22.0,16.67,Mar 2015
TORNTPHARM,Pharmaceuticals,operating_profit_margin_pct,41.0,74.17,Mar 2016
TORNTPHARM,Pharmaceuticals,operating_profit_margin_pct,24.0,29.17,Mar 2017
TORNTPHARM,Pharmaceuticals,operating_profit_margin_pct,23.0,23.33,Mar 2018
TORNTPHARM,Pharmaceuticals,operating_profit_margin_pct,26.0,34.17,Mar 2019
TORNTPHARM,Pharmaceuticals,operating_profit_margin_pct,27.0,38.33,Mar 2020
TORNTPHARM,Pharmaceuticals,operating_profit_margin_pct,31.0,55.0,Mar 2021
TORNTPHARM,Pharmaceuticals,operating_profit_margin_pct,29.0,48.33,Mar 2022
TORNTPHARM,Pharmaceuticals,operating_profit_margin_pct,30.0,51.67,Mar 2023
TORNTPHARM,Pharmaceuticals,operating_profit_margin_pct,31.0,55.0,Mar 2024
CIPLA,Pharmaceuticals,net_profit_margin_pct,18.66,65.0,Mar 2013
CIPLA,Pharmaceuticals,net_profit_margin_pct,13.8,48.33,Mar 2014
CIPLA,Pharmaceuticals,net_profit_margin_pct,10.83,25.0,Mar 2015
CIPLA,Pharmaceuticals,net_profit_margin_pct,10.03,20.0,Mar 2016
CIPLA,Pharmaceuticals,net_profit_margin_pct,7.19,6.67,Mar 2017
CIPLA,Pharmaceuticals,net_profit_margin_pct,9.35,16.67,Mar 2018
CIPLA,Pharmaceuticals,net_profit_margin_pct,9.120000000000001,13.33,Mar 2019
CIPLA,Pharmaceuticals,net_profit_margin_pct,8.76,8.33,Mar 2020
CIPLA,Pharmaceuticals,net_profit_margin_pct,12.47,35.0,Mar 2021
CIPLA,Pharmaceuticals,net_profit_margin_pct,11.7,31.67,Mar 2022
CIPLA,Pharmaceuticals,net_profit_margin_pct,12.45,33.33,Mar 2023
CIPLA,Pharmaceuticals,net_profit_margin_pct,16.12,60.0,Mar 2024
DIVISLAB,Pharmaceuticals,net_profit_margin_pct,28.07,91.67,Mar 2013
DIVISLAB,Pharmaceuticals,net_profit_margin_pct,30.53,96.67,Mar 2014
DIVISLAB,Pharmaceuticals,net_profit_margin_pct,27.35,88.33,Mar 2015
DIVISLAB,Pharmaceuticals,net_profit_margin_pct,29.82,95.0,Mar 2016
DIVISLAB,Pharmaceuticals,net_profit_margin_pct,26.08,86.67,Mar 2017
DIVISLAB,Pharmaceuticals,net_profit_margin_pct,22.54,76.67,Mar 2018
DIVISLAB,Pharmaceuticals,net_profit_margin_pct,27.36,90.0,Mar 2019
DIVISLAB,Pharmaceuticals,net_profit_margin_pct,25.53,83.33,Mar 2020
DIVISLAB,Pharmaceuticals,net_profit_margin_pct,28.47,93.33,Mar 2021
DIVISLAB,Pharmaceuticals,net_profit_margin_pct,33.04000000000001,100.0,Mar 2022
DIVISLAB,Pharmaceuticals,net_profit_margin_pct,23.48,78.33,Mar 2023
DIVISLAB,Pharmaceuticals,net_profit_margin_pct,20.4,75.0,Mar 2024
DRREDDY,Pharmaceuticals,net_profit_margin_pct,12.9,40.0,Mar 2013
DRREDDY,Pharmaceuticals,net_profit_margin_pct,14.63,50.0,Mar 2014
DRREDDY,Pharmaceuticals,net_profit_margin_pct,15.55,53.33,Mar 2015
DRREDDY,Pharmaceuticals,net_profit_margin_pct,13.69,46.67,Mar 2016
DRREDDY,Pharmaceuticals,net_profit_margin_pct,9.1,11.67,Mar 2017
DRREDDY,Pharmaceuticals,net_profit_margin_pct,6.63,3.33,Mar 2018
DRREDDY,Pharmaceuticals,net_profit_margin_pct,12.62,36.67,Mar 2019
DRREDDY,Pharmaceuticals,net_profit_margin_pct,11.57,30.0,Mar 2020
DRREDDY,Pharmaceuticals,net_profit_margin_pct,10.25,23.33,Mar 2021
DRREDDY,Pharmaceuticals,net_profit_margin_pct,10.13,21.67,Mar 2022
DRREDDY,Pharmaceuticals,net_profit_margin_pct,18.27,63.33,Mar 2023
DRREDDY,Pharmaceuticals,net_profit_margin_pct,19.91,71.67,Mar 2024
SUNPHARMA,Pharmaceuticals,net_profit_margin_pct,31.17,98.33,Mar 2013
SUNPHARMA,Pharmaceuticals,net_profit_margin_pct,24.12,80.0,Mar 2014
SUNPHARMA,Pharmaceuticals,net_profit_margin_pct,19.99,73.33,Mar 2015
SUNPHARMA,Pharmaceuticals,net_profit_margin_pct,19.86,70.0,Mar 2016
SUNPHARMA,Pharmaceuticals,net_profit_margin_pct,24.85,81.67,Mar 2017
SUNPHARMA,Pharmaceuticals,net_profit_margin_pct,9.6,18.33,Mar 2018
SUNPHARMA,Pharmaceuticals,net_profit_margin_pct,11.04,26.67,Mar 2019
SUNPHARMA,Pharmaceuticals,net_profit_margin_pct,12.7,38.33,Mar 2020
SUNPHARMA,Pharmaceuticals,net_profit_margin_pct,6.78,5.0,Mar 2021
SUNPHARMA,Pharmaceuticals,net_profit_margin_pct,8.77,10.0,Mar 2022
SUNPHARMA,Pharmaceuticals,net_profit_margin_pct,19.4,66.67,Mar 2023
SUNPHARMA,Pharmaceuticals,net_profit_margin_pct,19.82,68.33,Mar 2024
TORNTPHARM,Pharmaceuticals,net_profit_margin_pct,13.58,45.0,Mar 2013
TORNTPHARM,Pharmaceuticals,net_profit_margin_pct,15.92,56.67,Mar 2014
TORNTPHARM,Pharmaceuticals,net_profit_margin_pct,16.2,61.67,Mar 2015
TORNTPHARM,Pharmaceuticals,net_profit_margin_pct,25.92,85.0,Mar 2016
TORNTPHARM,Pharmaceuticals,net_profit_margin_pct,16.06,58.33,Mar 2017
TORNTPHARM,Pharmaceuticals,net_profit_margin_pct,11.39,28.33,Mar 2018
TORNTPHARM,Pharmaceuticals,net_profit_margin_pct,5.680000000000001,1.67,Mar 2019
TORNTPHARM,Pharmaceuticals,net_profit_margin_pct,12.91,41.67,Mar 2020
TORNTPHARM,Pharmaceuticals,net_profit_margin_pct,15.64,55.0,Mar 2021
TORNTPHARM,Pharmaceuticals,net_profit_margin_pct,9.13,15.0,Mar 2022
TORNTPHARM,Pharmaceuticals,net_profit_margin_pct,12.94,43.33,Mar 2023
TORNTPHARM,Pharmaceuticals,net_profit_margin_pct,15.44,51.67,Mar 2024
CIPLA,Pharmaceuticals,debt_to_equity,0.1072,63.33,Mar 2013
CIPLA,Pharmaceuticals,debt_to_equity,0.1242,58.33,Mar 2014
CIPLA,Pharmaceuticals,debt_to_equity,0.1577,53.33,Mar 2015
CIPLA,Pharmaceuticals,debt_to_equity,0.4517,23.33,Mar 2016
CIPLA,Pharmaceuticals,debt_to_equity,0.3279,31.67,Mar 2017
CIPLA,Pharmaceuticals,debt_to_equity,0.288,33.33,Mar 2018
CIPLA,Pharmaceuticals,debt_to_equity,0.2875,35.0,Mar 2019
CIPLA,Pharmaceuticals,debt_to_equity,0.1786,48.33,Mar 2020
CIPLA,Pharmaceuticals,debt_to_equity,0.1099,61.67,Mar 2021
CIPLA,Pharmaceuticals,debt_to_equity,0.0507,71.67,Mar 2022
CIPLA,Pharmaceuticals,debt_to_equity,0.0343,73.33,Mar 2023
CIPLA,Pharmaceuticals,debt_to_equity,0.0209,76.67,Mar 2024
DIVISLAB,Pharmaceuticals,debt_to_equity,0.0132,81.67,Mar 2013
DIVISLAB,Pharmaceuticals,debt_to_equity,0.0061,90.0,Mar 2014
DIVISLAB,Pharmaceuticals,debt_to_equity,0.0077,86.67,Mar 2015
DIVISLAB,Pharmaceuticals,debt_to_equity,0.0098,85.0,Mar 2016
DIVISLAB,Pharmaceuticals,debt_to_equity,0.0067,88.33,Mar 2017
DIVISLAB,Pharmaceuticals,debt_to_equity,0.0106,83.33,Mar 2018
DIVISLAB,Pharmaceuticals,debt_to_equity,0.0152,80.0,Mar 2019
DIVISLAB,Pharmaceuticals,debt_to_equity,0.0053,91.67,Mar 2020
DIVISLAB,Pharmaceuticals,debt_to_equity,0.0005,93.33,Mar 2021
DIVISLAB,Pharmaceuticals,debt_to_equity,0.0003,95.83,Mar 2022
DIVISLAB,Pharmaceuticals,debt_to_equity,0.0003,95.83,Mar 2023
DIVISLAB,Pharmaceuticals,debt_to_equity,0.0002,98.33,Mar 2024
DRREDDY,Pharmaceuticals,debt_to_equity,0.5781,16.67,Mar 2013
DRREDDY,Pharmaceuticals,debt_to_equity,0.5692,20.0,Mar 2014
DRREDDY,Pharmaceuticals,debt_to_equity,0.4378,25.0,Mar 2015
DRREDDY,Pharmaceuticals,debt_to_equity,0.2667,41.67,Mar 2016
DRREDDY,Pharmaceuticals,debt_to_equity,0.4011,28.33,Mar 2017
DRREDDY,Pharmaceuticals,debt_to_equity,0.4034,26.67,Mar 2018
DRREDDY,Pharmaceuticals,debt_to_equity,0.2737,36.67,Mar 2019
DRREDDY,Pharmaceuticals,debt_to_equity,0.1417,55.0,Mar 2020
DRREDDY,Pharmaceuticals,debt_to_equity,0.1718,51.67,Mar 2021
DRREDDY,Pharmaceuticals,debt_to_equity,0.1761,50.0,Mar 2022
DRREDDY,Pharmaceuticals,debt_to_equity,0.0578,68.33,Mar 2023
DRREDDY,Pharmaceuticals,debt_to_equity,0.0709,66.67,Mar 2024
SUNPHARMA,Pharmaceuticals,debt_to_equity,0.0173,78.33,Mar 2013
SUNPHARMA,Pharmaceuticals,debt_to_equity,0.1382,56.67,Mar 2014
SUNPHARMA,Pharmaceuticals,debt_to_equity,0.3509,30.0,Mar 2015
SUNPHARMA,Pharmaceuticals,debt_to_equity,0.2576,43.33,Mar 2016
SUNPHARMA,Pharmaceuticals,debt_to_equity,0.2683,40.0,Mar 2017
SUNPHARMA,Pharmaceuticals,debt_to_equity,0.271,38.33,Mar 2018
SUNPHARMA,Pharmaceuticals,debt_to_equity,0.2539,45.0,Mar 2019
SUNPHARMA,Pharmaceuticals,debt_to_equity,0.1837,46.67,Mar 2020
SUNPHARMA,Pharmaceuticals,debt_to_equity,0.0833,65.0,Mar 2021
SUNPHARMA,Pharmaceuticals,debt_to_equity,0.0269,75.0,Mar 2022
SUNPHARMA,Pharmaceuticals,debt_to_equity,0.123,60.0,Mar 2023
SUNPHARMA,Pharmaceuticals,debt_to_equity,0.0514,70.0,Mar 2024
TORNTPHARM,Pharmaceuticals,debt_to_equity,0.4873,21.67,Mar 2013
TORNTPHARM,Pharmaceuticals,debt_to_equity,0.5949,13.33,Mar 2014
TORNTPHARM,Pharmaceuticals,debt_to_equity,1.1,5.0,Mar 2015
TORNTPHARM,Pharmaceuticals,debt_to_equity,0.6732,11.67,Mar 2016
TORNTPHARM,Pharmaceuticals,debt_to_equity,0.5769,18.33,Mar 2017
TORNTPHARM,Pharmaceuticals,debt_to_equity,1.3978,0.0,Mar 2018
TORNTPHARM,Pharmaceuticals,debt_to_equity,1.2779,1.67,Mar 2019
TORNTPHARM,Pharmaceuticals,debt_to_equity,1.199,3.33,Mar 2020
TORNTPHARM,Pharmaceuticals,debt_to_equity,0.8349,8.33,Mar 2021
TORNTPHARM,Pharmaceuticals,debt_to_equity,0.6837,10.0,Mar 2022
TORNTPHARM,Pharmaceuticals,debt_to_equity,0.8662,6.67,Mar 2023
TORNTPHARM,Pharmaceuticals,debt_to_equity,0.5866,15.0,Mar 2024
CIPLA,Pharmaceuticals,interest_coverage,24.8653,30.0,Mar 2013
CIPLA,Pharmaceuticals,interest_coverage,32.0598,40.0,Mar 2014
CIPLA,Pharmaceuticals,interest_coverage,56.1098,66.67,Mar 2015
CIPLA,Pharmaceuticals,interest_coverage,54.4615,65.0,Mar 2016
CIPLA,Pharmaceuticals,interest_coverage,57.2837,70.0,Mar 2017
CIPLA,Pharmaceuticals,interest_coverage,44.1,55.0,Mar 2018
CIPLA,Pharmaceuticals,interest_coverage,27.8491,35.0,Mar 2019
CIPLA,Pharmaceuticals,interest_coverage,40.5378,51.67,Mar 2020
CIPLA,Pharmaceuticals,interest_coverage,56.1241,68.33,Mar 2021
CIPLA,Pharmaceuticals,interest_coverage,174.0606,80.0,Mar 2022
CIPLA,Pharmaceuticals,interest_coverage,60.5734,73.33,Mar 2023
CIPLA,Pharmaceuticals,interest_coverage,35.3388,46.67,Mar 2024
DIVISLAB,Pharmaceuticals,interest_coverage,287.0,81.67,Mar 2013
DIVISLAB,Pharmaceuticals,interest_coverage,362.0,86.67,Mar 2014
DIVISLAB,Pharmaceuticals,interest_coverage,403.6667,88.33,Mar 2015
DIVISLAB,Pharmaceuticals,interest_coverage,303.2,85.0,Mar 2016
DIVISLAB,Pharmaceuticals,interest_coverage,507.3333,91.67,Mar 2017
DIVISLAB,Pharmaceuticals,interest_coverage,688.0,95.0,Mar 2018
DIVISLAB,Pharmaceuticals,interest_coverage,405.6,90.0,Mar 2019
DIVISLAB,Pharmaceuticals,interest_coverage,287.4286,83.33,Mar 2020
DIVISLAB,Pharmaceuticals,interest_coverage,1462.0,98.33,Mar 2021
DIVISLAB,Pharmaceuticals,interest_coverage,1998.5,100.0,Mar 2022
DIVISLAB,Pharmaceuticals,interest_coverage,1357.0,96.67,Mar 2023
DIVISLAB,Pharmaceuticals,interest_coverage,636.25,93.33,Mar 2024
DRREDDY,Pharmaceuticals,interest_coverage,28.15,36.67,Mar 2013
DRREDDY,Pharmaceuticals,interest_coverage,26.937,33.33,Mar 2014
DRREDDY,Pharmaceuticals,interest_coverage,34.8889,45.0,Mar 2015
DRREDDY,Pharmaceuticals,interest_coverage,46.747,58.33,Mar 2016
DRREDDY,Pharmaceuticals,interest_coverage,33.4684,43.33,Mar 2017
DRREDDY,Pharmaceuticals,interest_coverage,31.7215,38.33,Mar 2018
DRREDDY,Pharmaceuticals,interest_coverage,39.9888,50.0,Mar 2019
DRREDDY,Pharmaceuticals,interest_coverage,32.1122,41.67,Mar 2020
DRREDDY,Pharmaceuticals,interest_coverage,43.3918,53.33,Mar 2021
DRREDDY,Pharmaceuticals,interest_coverage,45.0312,56.67,Mar 2022
DRREDDY,Pharmaceuticals,interest_coverage,52.035,61.67,Mar 2023
DRREDDY,Pharmaceuticals,interest_coverage,51.7076,60.0,Mar 2024
SUNPHARMA,Pharmaceuticals,interest_coverage,109.1628,76.67,Mar 2013
SUNPHARMA,Pharmaceuticals,interest_coverage,114.4318,78.33,Mar 2014
SUNPHARMA,Pharmaceuticals,interest_coverage,14.1226,20.0,Mar 2015
SUNPHARMA,Pharmaceuticals,interest_coverage,15.5488,23.33,Mar 2016
SUNPHARMA,Pharmaceuticals,interest_coverage,26.78,31.67,Mar 2017
SUNPHARMA,Pharmaceuticals,interest_coverage,10.61,16.67,Mar 2018
SUNPHARMA,Pharmaceuticals,interest_coverage,11.0252,18.33,Mar 2019
SUNPHARMA,Pharmaceuticals,interest_coverage,24.3069,28.33,Mar 2020
SUNPHARMA,Pharmaceuticals,interest_coverage,35.6099,48.33,Mar 2021
SUNPHARMA,Pharmaceuticals,interest_coverage,53.1732,63.33,Mar 2022
SUNPHARMA,Pharmaceuticals,interest_coverage,70.4012,75.0,Mar 2023
SUNPHARMA,Pharmaceuticals,interest_coverage,58.3319,71.67,Mar 2024
TORNTPHARM,Pharmaceuticals,interest_coverage,20.5294,26.67,Mar 2013
TORNTPHARM,Pharmaceuticals,interest_coverage,16.7627,25.0,Mar 2014
TORNTPHARM,Pharmaceuticals,interest_coverage,7.4629,8.33,Mar 2015
TORNTPHARM,Pharmaceuticals,interest_coverage,15.0272,21.67,Mar 2016
TORNTPHARM,Pharmaceuticals,interest_coverage,7.767,10.0,Mar 2017
TORNTPHARM,Pharmaceuticals,interest_coverage,5.3506,5.0,Mar 2018
TORNTPHARM,Pharmaceuticals,interest_coverage,3.3393,1.67,Mar 2019
TORNTPHARM,Pharmaceuticals,interest_coverage,5.0798,3.33,Mar 2020
TORNTPHARM,Pharmaceuticals,interest_coverage,7.187,6.67,Mar 2021
TORNTPHARM,Pharmaceuticals,interest_coverage,8.4039,11.67,Mar 2022
TORNTPHARM,Pharmaceuticals,interest_coverage,8.6697,13.33,Mar 2023
TORNTPHARM,Pharmaceuticals,interest_coverage,9.9266,15.0,Mar 2024
CIPLA,Pharmaceuticals,asset_turnover,0.7102,65.0,Mar 2013
CIPLA,Pharmaceuticals,asset_turnover,0.7592,80.0,Mar 2014
CIPLA,Pharmaceuticals,asset_turnover,0.724,70.0,Mar 2015
CIPLA,Pharmaceuticals,asset_turnover,0.6551,43.33,Mar 2016
CIPLA,Pharmaceuticals,asset_turnover,0.6897,61.67,Mar 2017
CIPLA,Pharmaceuticals,asset_turnover,0.6685,51.67,Mar 2018
CIPLA,Pharmaceuticals,asset_turnover,0.6886,58.33,Mar 2019
CIPLA,Pharmaceuticals,asset_turnover,0.7314,73.33,Mar 2020
CIPLA,Pharmaceuticals,asset_turnover,0.7709,85.83,Mar 2021
CIPLA,Pharmaceuticals,asset_turnover,0.8103,91.67,Mar 2022
CIPLA,Pharmaceuticals,asset_turnover,0.7766,88.33,Mar 2023
CIPLA,Pharmaceuticals,asset_turnover,0.7922,90.0,Mar 2024
DIVISLAB,Pharmaceuticals,asset_turnover,0.6833,56.67,Mar 2013
DIVISLAB,Pharmaceuticals,asset_turnover,0.6825,55.0,Mar 2014
DIVISLAB,Pharmaceuticals,asset_turnover,0.7072,63.33,Mar 2015
DIVISLAB,Pharmaceuticals,asset_turnover,0.7709,85.83,Mar 2016
DIVISLAB,Pharmaceuticals,asset_turnover,0.6603,50.0,Mar 2017
DIVISLAB,Pharmaceuticals,asset_turnover,0.5735,31.67,Mar 2018
DIVISLAB,Pharmaceuticals,asset_turnover,0.6155,36.67,Mar 2019
DIVISLAB,Pharmaceuticals,asset_turnover,0.6323,38.33,Mar 2020
DIVISLAB,Pharmaceuticals,asset_turnover,0.647,41.67,Mar 2021
DIVISLAB,Pharmaceuticals,asset_turnover,0.6707,53.33,Mar 2022
DIVISLAB,Pharmaceuticals,asset_turnover,0.5384,15.0,Mar 2023
DIVISLAB,Pharmaceuticals,asset_turnover,0.5074,10.0,Mar 2024
DRREDDY,Pharmaceuticals,asset_turnover,0.8844,100.0,Mar 2013
DRREDDY,Pharmaceuticals,asset_turnover,0.8434,96.67,Mar 2014
DRREDDY,Pharmaceuticals,asset_turnover,0.8139,93.33,Mar 2015
DRREDDY,Pharmaceuticals,asset_turnover,0.7658,81.67,Mar 2016
DRREDDY,Pharmaceuticals,asset_turnover,0.6556,45.0,Mar 2017
DRREDDY,Pharmaceuticals,asset_turnover,0.639,40.0,Mar 2018
DRREDDY,Pharmaceuticals,asset_turnover,0.6891,60.0,Mar 2019
DRREDDY,Pharmaceuticals,asset_turnover,0.7543,78.33,Mar 2020
DRREDDY,Pharmaceuticals,asset_turnover,0.7164,66.67,Mar 2021
DRREDDY,Pharmaceuticals,asset_turnover,0.7243,71.67,Mar 2022
DRREDDY,Pharmaceuticals,asset_turnover,0.7659,83.33,Mar 2023
DRREDDY,Pharmaceuticals,asset_turnover,0.7223,68.33,Mar 2024
SUNPHARMA,Pharmaceuticals,asset_turnover,0.5463,20.0,Mar 2013
SUNPHARMA,Pharmaceuticals,asset_turnover,0.5527,21.67,Mar 2014
SUNPHARMA,Pharmaceuticals,asset_turnover,0.5622,25.0,Mar 2015
SUNPHARMA,Pharmaceuticals,asset_turnover,0.5139,11.67,Mar 2016
SUNPHARMA,Pharmaceuticals,asset_turnover,0.5169,13.33,Mar 2017
SUNPHARMA,Pharmaceuticals,asset_turnover,0.412,1.67,Mar 2018
SUNPHARMA,Pharmaceuticals,asset_turnover,0.45,5.0,Mar 2019
SUNPHARMA,Pharmaceuticals,asset_turnover,0.4815,6.67,Mar 2020
SUNPHARMA,Pharmaceuticals,asset_turnover,0.4954,8.33,Mar 2021
SUNPHARMA,Pharmaceuticals,asset_turnover,0.554,23.33,Mar 2022
SUNPHARMA,Pharmaceuticals,asset_turnover,0.5437,17.5,Mar 2023
SUNPHARMA,Pharmaceuticals,asset_turnover,0.5685,28.33,Mar 2024
TORNTPHARM,Pharmaceuticals,asset_turnover,0.8535,98.33,Mar 2013
TORNTPHARM,Pharmaceuticals,asset_turnover,0.8307,95.0,Mar 2014
TORNTPHARM,Pharmaceuticals,asset_turnover,0.5928,33.33,Mar 2015
TORNTPHARM,Pharmaceuticals,asset_turnover,0.7525,76.67,Mar 2016
TORNTPHARM,Pharmaceuticals,asset_turnover,0.6058,35.0,Mar 2017
TORNTPHARM,Pharmaceuticals,asset_turnover,0.4177,3.33,Mar 2018
TORNTPHARM,Pharmaceuticals,asset_turnover,0.5437,17.5,Mar 2019
TORNTPHARM,Pharmaceuticals,asset_turnover,0.5667,26.67,Mar 2020
TORNTPHARM,Pharmaceuticals,asset_turnover,0.5687,30.0,Mar 2021
TORNTPHARM,Pharmaceuticals,asset_turnover,0.6592,48.33,Mar 2022
TORNTPHARM,Pharmaceuticals,asset_turnover,0.6585,46.67,Mar 2023
TORNTPHARM,Pharmaceuticals,asset_turnover,0.7396,75.0,Mar 2024
HCLTECH,IT Services,return_on_equity_pct,30.69,71.83,Jun 2013
HCLTECH,IT Services,return_on_equity_pct,33.39,80.28,Jun 2014
HCLTECH,IT Services,return_on_equity_pct,30.31,67.61,Jun 2015
HCLTECH,IT Services,return_on_equity_pct,26.12,56.34,Mar 2017
HCLTECH,IT Services,return_on_equity_pct,23.97,43.66,Mar 2018
HCLTECH,IT Services,return_on_equity_pct,24.46,49.3,Mar 2019
HCLTECH,IT Services,return_on_equity_pct,21.57,29.58,Mar 2020
HCLTECH,IT Services,return_on_equity_pct,18.64,15.49,Mar 2021
HCLTECH,IT Services,return_on_equity_pct,21.84,33.8,Mar 2022
HCLTECH,IT Services,return_on_equity_pct,22.7,36.62,Mar 2023
HCLTECH,IT Services,return_on_equity_pct,23.01,39.44,Mar 2024
INFY,IT Services,return_on_equity_pct,24.82,52.11,Mar 2013
INFY,IT Services,return_on_equity_pct,23.93,42.25,Mar 2014
INFY,IT Services,return_on_equity_pct,24.39,47.89,Mar 2015
INFY,IT Services,return_on_equity_pct,21.85,35.21,Mar 2016
INFY,IT Services,return_on_equity_pct,20.81,22.54,Mar 2017
INFY,IT Services,return_on_equity_pct,24.69,50.7,Mar 2018
INFY,IT Services,return_on_equity_pct,23.73,40.85,Mar 2019
INFY,IT Services,return_on_equity_pct,25.42,53.52,Mar 2020
INFY,IT Services,return_on_equity_pct,25.44,54.93,Mar 2021
INFY,IT Services,return_on_equity_pct,29.39,64.79,Mar 2022
INFY,IT Services,return_on_equity_pct,31.97,76.06,Mar 2023
INFY,IT Services,return_on_equity_pct,29.79,66.2,Mar 2024
LTIM,IT Services,return_on_equity_pct,41.97,94.37,Mar 2013
LTIM,IT Services,return_on_equity_pct,61.86000000000001,100.0,Mar 2014
LTIM,IT Services,return_on_equity_pct,37.96,87.32,Mar 2015
LTIM,IT Services,return_on_equity_pct,39.34,91.55,Mar 2016
LTIM,IT Services,return_on_equity_pct,30.88,73.24,Mar 2017
LTIM,IT Services,return_on_equity_pct,28.81,63.38,Mar 2018
LTIM,IT Services,return_on_equity_pct,30.98,74.65,Mar 2019
LTIM,IT Services,return_on_equity_pct,28.13,61.97,Mar 2020
LTIM,IT Services,return_on_equity_pct,26.53,57.75,Mar 2021
LTIM,IT Services,return_on_equity_pct,27.65,60.56,Mar 2022
LTIM,IT Services,return_on_equity_pct,26.58,59.15,Mar 2023
LTIM,IT Services,return_on_equity_pct,22.9,38.03,Mar 2024
TCS,IT Services,return_on_equity_pct,36.52,84.51,Mar 2013
TCS,IT Services,return_on_equity_pct,39.3,90.14,Mar 2014
TCS,IT Services,return_on_equity_pct,39.62,92.96,Mar 2015
TCS,IT Services,return_on_equity_pct,34.23999999999999,81.69,Mar 2016
TCS,IT Services,return_on_equity_pct,30.57,70.42,Mar 2017
TCS,IT Services,return_on_equity_pct,30.4,69.01,Mar 2018
TCS,IT Services,return_on_equity_pct,35.29,83.1,Mar 2019
TCS,IT Services,return_on_equity_pct,38.57,88.73,Mar 2020
TCS,IT Services,return_on_equity_pct,37.66999999999999,85.92,Mar 2021
TCS,IT Services,return_on_equity_pct,43.13,95.77,Mar 2022
TCS,IT Services,return_on_equity_pct,46.78,97.18,Mar 2023
TCS,IT Services,return_on_equity_pct,50.94,98.59,Mar 2024
TECHM,IT Services,return_on_equity_pct,24.09,45.77,Mar 2013
TECHM,IT Services,return_on_equity_pct,24.09,45.77,Mar 2013
TECHM,IT Services,return_on_equity_pct,33.35,78.17,Mar 2014
TECHM,IT Services,return_on_equity_pct,33.35,78.17,Mar 2014
TECHM,IT Services,return_on_equity_pct,21.71,31.69,Mar 2015
TECHM,IT Services,return_on_equity_pct,21.71,31.69,Mar 2015
TECHM,IT Services,return_on_equity_pct,20.75,20.42,Mar 2016
TECHM,IT Services,return_on_equity_pct,20.75,20.42,Mar 2016
TECHM,IT Services,return_on_equity_pct,17.35,4.93,Mar 2017
TECHM,IT Services,return_on_equity_pct,17.35,4.93,Mar 2017
TECHM,IT Services,return_on_equity_pct,20.09,17.61,Mar 2018
TECHM,IT Services,return_on_equity_pct,20.09,17.61,Mar 2018
TECHM,IT Services,return_on_equity_pct,21.14,27.46,Mar 2019
TECHM,IT Services,return_on_equity_pct,21.14,27.46,Mar 2019
TECHM,IT Services,return_on_equity_pct,17.87,13.38,Mar 2020
TECHM,IT Services,return_on_equity_pct,17.87,13.38,Mar 2020
TECHM,IT Services,return_on_equity_pct,17.51,10.56,Mar 2021
TECHM,IT Services,return_on_equity_pct,17.51,10.56,Mar 2021
TECHM,IT Services,return_on_equity_pct,20.94,24.65,Mar 2022
TECHM,IT Services,return_on_equity_pct,20.94,24.65,Mar 2022
TECHM,IT Services,return_on_equity_pct,17.39,7.75,Mar 2023
TECHM,IT Services,return_on_equity_pct,17.39,7.75,Mar 2023
TECHM,IT Services,return_on_equity_pct,8.99,2.11,Mar 2024
TECHM,IT Services,return_on_equity_pct,8.99,2.11,Mar 2024
HCLTECH,IT Services,operating_profit_margin_pct,22.0,50.0,Jun 2013
HCLTECH,IT Services,operating_profit_margin_pct,25.0,69.72,Jun 2014
HCLTECH,IT Services,operating_profit_margin_pct,23.0,58.45,Jun 2015
HCLTECH,IT Services,operating_profit_margin_pct,22.0,50.0,Mar 2017
HCLTECH,IT Services,operating_profit_margin_pct,22.0,50.0,Mar 2018
HCLTECH,IT Services,operating_profit_margin_pct,23.0,58.45,Mar 2019
HCLTECH,IT Services,operating_profit_margin_pct,24.0,64.79,Mar 2020
HCLTECH,IT Services,operating_profit_margin_pct,27.0,83.1,Mar 2021
HCLTECH,IT Services,operating_profit_margin_pct,24.0,64.79,Mar 2022
HCLTECH,IT Services,operating_profit_margin_pct,22.0,50.0,Mar 2023
HCLTECH,IT Services,operating_profit_margin_pct,22.0,50.0,Mar 2024
INFY,IT Services,operating_profit_margin_pct,29.0,97.89,Mar 2013
INFY,IT Services,operating_profit_margin_pct,27.0,83.1,Mar 2014
INFY,IT Services,operating_profit_margin_pct,28.0,92.96,Mar 2015
INFY,IT Services,operating_profit_margin_pct,27.0,83.1,Mar 2016
INFY,IT Services,operating_profit_margin_pct,27.0,83.1,Mar 2017
INFY,IT Services,operating_profit_margin_pct,27.0,83.1,Mar 2018
INFY,IT Services,operating_profit_margin_pct,24.0,64.79,Mar 2019
INFY,IT Services,operating_profit_margin_pct,25.0,69.72,Mar 2020
INFY,IT Services,operating_profit_margin_pct,28.0,92.96,Mar 2021
INFY,IT Services,operating_profit_margin_pct,26.0,73.94,Mar 2022
INFY,IT Services,operating_profit_margin_pct,24.0,64.79,Mar 2023
INFY,IT Services,operating_profit_margin_pct,24.0,64.79,Mar 2024
LTIM,IT Services,operating_profit_margin_pct,23.0,58.45,Mar 2013
LTIM,IT Services,operating_profit_margin_pct,23.0,58.45,Mar 2014
LTIM,IT Services,operating_profit_margin_pct,20.0,39.44,Mar 2015
LTIM,IT Services,operating_profit_margin_pct,18.0,25.35,Mar 2016
LTIM,IT Services,operating_profit_margin_pct,19.0,34.51,Mar 2017
LTIM,IT Services,operating_profit_margin_pct,16.0,16.9,Mar 2018
LTIM,IT Services,operating_profit_margin_pct,20.0,39.44,Mar 2019
LTIM,IT Services,operating_profit_margin_pct,19.0,34.51,Mar 2020
LTIM,IT Services,operating_profit_margin_pct,22.0,50.0,Mar 2021
LTIM,IT Services,operating_profit_margin_pct,20.0,39.44,Mar 2022
LTIM,IT Services,operating_profit_margin_pct,18.0,25.35,Mar 2023
LTIM,IT Services,operating_profit_margin_pct,18.0,25.35,Mar 2024
TCS,IT Services,operating_profit_margin_pct,29.0,97.89,Mar 2013
TCS,IT Services,operating_profit_margin_pct,31.0,100.0,Mar 2014
TCS,IT Services,operating_profit_margin_pct,26.0,73.94,Mar 2015
TCS,IT Services,operating_profit_margin_pct,28.0,92.96,Mar 2016
TCS,IT Services,operating_profit_margin_pct,27.0,83.1,Mar 2017
TCS,IT Services,operating_profit_margin_pct,26.0,73.94,Mar 2018
TCS,IT Services,operating_profit_margin_pct,27.0,83.1,Mar 2019
TCS,IT Services,operating_profit_margin_pct,27.0,83.1,Mar 2020
TCS,IT Services,operating_profit_margin_pct,28.0,92.96,Mar 2021
TCS,IT Services,operating_profit_margin_pct,28.0,92.96,Mar 2022
TCS,IT Services,operating_profit_margin_pct,26.0,73.94,Mar 2023
TCS,IT Services,operating_profit_margin_pct,27.0,83.1,Mar 2024
TECHM,IT Services,operating_profit_margin_pct,21.0,42.96,Mar 2013
TECHM,IT Services,operating_profit_margin_pct,21.0,42.96,Mar 2013
TECHM,IT Services,operating_profit_margin_pct,22.0,50.0,Mar 2014
TECHM,IT Services,operating_profit_margin_pct,22.0,50.0,Mar 2014
TECHM,IT Services,operating_profit_margin_pct,19.0,34.51,Mar 2015
TECHM,IT Services,operating_profit_margin_pct,19.0,34.51,Mar 2015
TECHM,IT Services,operating_profit_margin_pct,16.0,16.9,Mar 2016
TECHM,IT Services,operating_profit_margin_pct,16.0,16.9,Mar 2016
TECHM,IT Services,operating_profit_margin_pct,14.0,4.93,Mar 2017
TECHM,IT Services,operating_profit_margin_pct,14.0,4.93,Mar 2017
TECHM,IT Services,operating_profit_margin_pct,15.0,10.56,Mar 2018
TECHM,IT Services,operating_profit_margin_pct,15.0,10.56,Mar 2018
TECHM,IT Services,operating_profit_margin_pct,18.0,25.35,Mar 2019
TECHM,IT Services,operating_profit_margin_pct,18.0,25.35,Mar 2019
TECHM,IT Services,operating_profit_margin_pct,15.0,10.56,Mar 2020
TECHM,IT Services,operating_profit_margin_pct,15.0,10.56,Mar 2020
TECHM,IT Services,operating_profit_margin_pct,18.0,25.35,Mar 2021
TECHM,IT Services,operating_profit_margin_pct,18.0,25.35,Mar 2021
TECHM,IT Services,operating_profit_margin_pct,18.0,25.35,Mar 2022
TECHM,IT Services,operating_profit_margin_pct,18.0,25.35,Mar 2022
TECHM,IT Services,operating_profit_margin_pct,15.0,10.56,Mar 2023
TECHM,IT Services,operating_profit_margin_pct,15.0,10.56,Mar 2023
TECHM,IT Services,operating_profit_margin_pct,9.0,2.11,Mar 2024
TECHM,IT Services,operating_profit_margin_pct,9.0,2.11,Mar 2024
HCLTECH,IT Services,net_profit_margin_pct,15.79,50.0,Jun 2013
HCLTECH,IT Services,net_profit_margin_pct,20.31,80.28,Jun 2014
HCLTECH,IT Services,net_profit_margin_pct,20.0,76.06,Jun 2015
HCLTECH,IT Services,net_profit_margin_pct,18.09,61.97,Mar 2017
HCLTECH,IT Services,net_profit_margin_pct,17.25,60.56,Mar 2018
HCLTECH,IT Services,net_profit_margin_pct,16.75,57.75,Mar 2019
HCLTECH,IT Services,net_profit_margin_pct,15.64,46.48,Mar 2020
HCLTECH,IT Services,net_profit_margin_pct,14.82,39.44,Mar 2021
HCLTECH,IT Services,net_profit_margin_pct,15.79,50.0,Mar 2022
HCLTECH,IT Services,net_profit_margin_pct,14.63,38.03,Mar 2023
HCLTECH,IT Services,net_profit_margin_pct,14.29,33.8,Mar 2024
INFY,IT Services,net_profit_margin_pct,23.37,98.59,Mar 2013
INFY,IT Services,net_profit_margin_pct,21.26,87.32,Mar 2014
INFY,IT Services,net_profit_margin_pct,23.2,97.18,Mar 2015
INFY,IT Services,net_profit_margin_pct,21.6,90.14,Mar 2016
INFY,IT Services,net_profit_margin_pct,20.96,83.1,Mar 2017
INFY,IT Services,net_profit_margin_pct,22.73,95.77,Mar 2018
INFY,IT Services,net_profit_margin_pct,18.64,66.2,Mar 2019
INFY,IT Services,net_profit_margin_pct,18.33,64.79,Mar 2020
INFY,IT Services,net_profit_margin_pct,19.33,73.24,Mar 2021
INFY,IT Services,net_profit_margin_pct,18.21,63.38,Mar 2022
INFY,IT Services,net_profit_margin_pct,16.43,56.34,Mar 2023
INFY,IT Services,net_profit_margin_pct,17.08,59.15,Mar 2024
LTIM,IT Services,net_profit_margin_pct,14.59,36.62,Mar 2013
LTIM,IT Services,net_profit_margin_pct,20.24,78.87,Mar 2014
LTIM,IT Services,net_profit_margin_pct,15.45,45.07,Mar 2015
LTIM,IT Services,net_profit_margin_pct,14.3,35.21,Mar 2016
LTIM,IT Services,net_profit_margin_pct,14.94,40.85,Mar 2017
LTIM,IT Services,net_profit_margin_pct,15.22,43.66,Mar 2018
LTIM,IT Services,net_profit_margin_pct,16.05,52.11,Mar 2019
LTIM,IT Services,net_profit_margin_pct,13.97,32.39,Mar 2020
LTIM,IT Services,net_profit_margin_pct,15.67,47.89,Mar 2021
LTIM,IT Services,net_profit_margin_pct,15.13,42.25,Mar 2022
LTIM,IT Services,net_profit_margin_pct,13.29,30.99,Mar 2023
LTIM,IT Services,net_profit_margin_pct,12.91,29.58,Mar 2024
TCS,IT Services,net_profit_margin_pct,22.35,92.96,Mar 2013
TCS,IT Services,net_profit_margin_pct,23.63,100.0,Mar 2014
TCS,IT Services,net_profit_margin_pct,21.19,85.92,Mar 2015
TCS,IT Services,net_profit_margin_pct,22.4,94.37,Mar 2016
TCS,IT Services,net_profit_margin_pct,22.34,91.55,Mar 2017
TCS,IT Services,net_profit_margin_pct,21.02,84.51,Mar 2018
TCS,IT Services,net_profit_margin_pct,21.55,88.73,Mar 2019
TCS,IT Services,net_profit_margin_pct,20.67,81.69,Mar 2020
TCS,IT Services,net_profit_margin_pct,19.83,74.65,Mar 2021
TCS,IT Services,net_profit_margin_pct,20.05,77.46,Mar 2022
TCS,IT Services,net_profit_margin_pct,18.76,67.61,Mar 2023
TCS,IT Services,net_profit_margin_pct,19.14,71.83,Mar 2024
TECHM,IT Services,net_profit_margin_pct,19.02,69.72,Mar 2013
TECHM,IT Services,net_profit_margin_pct,19.02,69.72,Mar 2013
TECHM,IT Services,net_profit_margin_pct,16.29,54.23,Mar 2014
TECHM,IT Services,net_profit_margin_pct,16.29,54.23,Mar 2014
TECHM,IT Services,net_profit_margin_pct,11.75,19.01,Mar 2015
TECHM,IT Services,net_profit_margin_pct,11.75,19.01,Mar 2015
TECHM,IT Services,net_profit_margin_pct,11.43,13.38,Mar 2016
TECHM,IT Services,net_profit_margin_pct,11.43,13.38,Mar 2016
TECHM,IT Services,net_profit_margin_pct,9.78,7.75,Mar 2017
TECHM,IT Services,net_profit_margin_pct,9.78,7.75,Mar 2017
TECHM,IT Services,net_profit_margin_pct,12.3,21.83,Mar 2018
TECHM,IT Services,net_profit_margin_pct,12.3,21.83,Mar 2018
TECHM,IT Services,net_profit_margin_pct,12.35,24.65,Mar 2019
TECHM,IT Services,net_profit_margin_pct,12.35,24.65,Mar 2019
TECHM,IT Services,net_profit_margin_pct,10.57,10.56,Mar 2020
TECHM,IT Services,net_profit_margin_pct,10.57,10.56,Mar 2020
TECHM,IT Services,net_profit_margin_pct,11.5,16.2,Mar 2021
TECHM,IT Services,net_profit_margin_pct,11.5,16.2,Mar 2021
TECHM,IT Services,net_profit_margin_pct,12.61,27.46,Mar 2022
TECHM,IT Services,net_profit_margin_pct,12.61,27.46,Mar 2022
TECHM,IT Services,net_profit_margin_pct,9.11,4.93,Mar 2023
TECHM,IT Services,net_profit_margin_pct,9.11,4.93,Mar 2023
TECHM,IT Services,net_profit_margin_pct,4.61,2.11,Mar 2024
TECHM,IT Services,net_profit_margin_pct,4.61,2.11,Mar 2024
HCLTECH,IT Services,debt_to_equity,0.0793,50.7,Jun 2013
HCLTECH,IT Services,debt_to_equity,0.0521,64.79,Jun 2014
HCLTECH,IT Services,debt_to_equity,0.0268,69.01,Jun 2015
HCLTECH,IT Services,debt_to_equity,0.0177,73.24,Mar 2017
HCLTECH,IT Services,debt_to_equity,0.0153,74.65,Mar 2018
HCLTECH,IT Services,debt_to_equity,0.1014,23.94,Mar 2019
HCLTECH,IT Services,debt_to_equity,0.1558,8.45,Mar 2020
HCLTECH,IT Services,debt_to_equity,0.1146,15.49,Mar 2021
HCLTECH,IT Services,debt_to_equity,0.1024,22.54,Mar 2022
HCLTECH,IT Services,debt_to_equity,0.0733,54.93,Mar 2023
HCLTECH,IT Services,debt_to_equity,0.0844,46.48,Mar 2024
INFY,IT Services,debt_to_equity,0.0,92.25,Mar 2013
INFY,IT Services,debt_to_equity,0.0,92.25,Mar 2014
INFY,IT Services,debt_to_equity,0.0,92.25,Mar 2015
INFY,IT Services,debt_to_equity,0.0,92.25,Mar 2016
INFY,IT Services,debt_to_equity,0.0,92.25,Mar 2017
INFY,IT Services,debt_to_equity,0.0,92.25,Mar 2018
INFY,IT Services,debt_to_equity,0.0,92.25,Mar 2019
INFY,IT Services,debt_to_equity,0.0708,57.75,Mar 2020
INFY,IT Services,debt_to_equity,0.0697,59.15,Mar 2021
INFY,IT Services,debt_to_equity,0.0726,56.34,Mar 2022
INFY,IT Services,debt_to_equity,0.1101,16.9,Mar 2023
INFY,IT Services,debt_to_equity,0.0949,38.03,Mar 2024
LTIM,IT Services,debt_to_equity,0.1748,2.82,Mar 2013
LTIM,IT Services,debt_to_equity,0.0683,60.56,Mar 2014
LTIM,IT Services,debt_to_equity,0.1076,19.72,Mar 2015
LTIM,IT Services,debt_to_equity,0.0259,70.42,Mar 2016
LTIM,IT Services,debt_to_equity,0.0,92.25,Mar 2017
LTIM,IT Services,debt_to_equity,0.0,92.25,Mar 2018
LTIM,IT Services,debt_to_equity,0.0,92.25,Mar 2019
LTIM,IT Services,debt_to_equity,0.1688,4.23,Mar 2020
LTIM,IT Services,debt_to_equity,0.1093,18.31,Mar 2021
LTIM,IT Services,debt_to_equity,0.0181,71.83,Mar 2022
LTIM,IT Services,debt_to_equity,0.0929,39.44,Mar 2023
LTIM,IT Services,debt_to_equity,0.1035,21.13,Mar 2024
TCS,IT Services,debt_to_equity,0.0086,76.06,Mar 2013
TCS,IT Services,debt_to_equity,0.006,78.87,Mar 2014
TCS,IT Services,debt_to_equity,0.0071,77.46,Mar 2015
TCS,IT Services,debt_to_equity,0.0034,80.99,Mar 2016
TCS,IT Services,debt_to_equity,0.0034,80.99,Mar 2017
TCS,IT Services,debt_to_equity,0.0029,83.1,Mar 2018
TCS,IT Services,debt_to_equity,0.0007,84.51,Mar 2019
TCS,IT Services,debt_to_equity,0.0972,33.8,Mar 2020
TCS,IT Services,debt_to_equity,0.0902,40.85,Mar 2021
TCS,IT Services,debt_to_equity,0.0877,43.66,Mar 2022
TCS,IT Services,debt_to_equity,0.085,45.07,Mar 2023
TCS,IT Services,debt_to_equity,0.0886,42.25,Mar 2024
TECHM,IT Services,debt_to_equity,0.2543,0.7,Mar 2013
TECHM,IT Services,debt_to_equity,0.2543,0.7,Mar 2013
TECHM,IT Services,debt_to_equity,0.0395,66.9,Mar 2014
TECHM,IT Services,debt_to_equity,0.0395,66.9,Mar 2014
TECHM,IT Services,debt_to_equity,0.0572,62.68,Mar 2015
TECHM,IT Services,debt_to_equity,0.0572,62.68,Mar 2015
TECHM,IT Services,debt_to_equity,0.0748,52.82,Mar 2016
TECHM,IT Services,debt_to_equity,0.0748,52.82,Mar 2016
TECHM,IT Services,debt_to_equity,0.0831,48.59,Mar 2017
TECHM,IT Services,debt_to_equity,0.0831,48.59,Mar 2017
TECHM,IT Services,debt_to_equity,0.1272,10.56,Mar 2018
TECHM,IT Services,debt_to_equity,0.1272,10.56,Mar 2018
TECHM,IT Services,debt_to_equity,0.0984,26.06,Mar 2019
TECHM,IT Services,debt_to_equity,0.0984,26.06,Mar 2019
TECHM,IT Services,debt_to_equity,0.1682,6.34,Mar 2020
TECHM,IT Services,debt_to_equity,0.1682,6.34,Mar 2020
TECHM,IT Services,debt_to_equity,0.1167,13.38,Mar 2021
TECHM,IT Services,debt_to_equity,0.1167,13.38,Mar 2021
TECHM,IT Services,debt_to_equity,0.0974,31.69,Mar 2022
TECHM,IT Services,debt_to_equity,0.0974,31.69,Mar 2022
TECHM,IT Services,debt_to_equity,0.0981,28.87,Mar 2023
TECHM,IT Services,debt_to_equity,0.0981,28.87,Mar 2023
TECHM,IT Services,debt_to_equity,0.0951,35.92,Mar 2024
TECHM,IT Services,debt_to_equity,0.0951,35.92,Mar 2024
HCLTECH,IT Services,interest_coverage,56.717,50.75,Jun 2013
HCLTECH,IT Services,interest_coverage,76.4211,61.19,Jun 2014
HCLTECH,IT Services,interest_coverage,105.6264,70.15,Jun 2015
HCLTECH,IT Services,interest_coverage,128.7528,73.13,Mar 2017
HCLTECH,IT Services,interest_coverage,180.8116,80.6,Mar 2018
HCLTECH,IT Services,interest_coverage,85.454,64.18,Mar 2019
HCLTECH,IT Services,interest_coverage,35.4554,16.42,Mar 2020
HCLTECH,IT Services,interest_coverage,41.047,25.37,Mar 2021
HCLTECH,IT Services,interest_coverage,67.6991,55.22,Mar 2022
HCLTECH,IT Services,interest_coverage,67.949,56.72,Mar 2023
HCLTECH,IT Services,interest_coverage,46.4611,34.33,Mar 2024
INFY,IT Services,interest_coverage,2780.6,100.0,Mar 2013
INFY,IT Services,interest_coverage,1783.7778,98.51,Mar 2014
INFY,IT Services,interest_coverage,1526.0833,97.01,Mar 2015
INFY,IT Services,interest_coverage,,,Mar 2016
INFY,IT Services,interest_coverage,,,Mar 2017
INFY,IT Services,interest_coverage,,,Mar 2018
INFY,IT Services,interest_coverage,,,Mar 2019
INFY,IT Services,interest_coverage,147.4706,76.12,Mar 2020
INFY,IT Services,interest_coverage,154.3077,77.61,Mar 2021
INFY,IT Services,interest_coverage,168.93,79.1,Mar 2022
INFY,IT Services,interest_coverage,133.2077,74.63,Mar 2023
INFY,IT Services,interest_coverage,87.5234,67.16,Mar 2024
LTIM,IT Services,interest_coverage,42.4762,26.87,Mar 2013
LTIM,IT Services,interest_coverage,44.0,31.34,Mar 2014
LTIM,IT Services,interest_coverage,110.4,71.64,Mar 2015
LTIM,IT Services,interest_coverage,202.5,83.58,Mar 2016
LTIM,IT Services,interest_coverage,472.3333,89.55,Mar 2017
LTIM,IT Services,interest_coverage,100.8125,68.66,Mar 2018
LTIM,IT Services,interest_coverage,198.6364,82.09,Mar 2019
LTIM,IT Services,interest_coverage,28.4096,10.45,Mar 2020
LTIM,IT Services,interest_coverage,37.962,20.9,Mar 2021
LTIM,IT Services,interest_coverage,48.9024,38.81,Mar 2022
LTIM,IT Services,interest_coverage,44.4333,32.84,Mar 2023
LTIM,IT Services,interest_coverage,31.9324,11.94,Mar 2024
TCS,IT Services,interest_coverage,400.375,88.06,Mar 2013
TCS,IT Services,interest_coverage,686.9231,91.04,Mar 2014
TCS,IT Services,interest_coverage,271.1731,86.57,Mar 2015
TCS,IT Services,interest_coverage,1023.0606,94.03,Mar 2016
TCS,IT Services,interest_coverage,1141.625,95.52,Mar 2017
TCS,IT Services,interest_coverage,695.3462,92.54,Mar 2018
TCS,IT Services,interest_coverage,221.298,85.07,Mar 2019
TCS,IT Services,interest_coverage,50.5422,40.3,Mar 2020
TCS,IT Services,interest_coverage,76.0785,59.7,Mar 2021
TCS,IT Services,interest_coverage,72.7997,58.21,Mar 2022
TCS,IT Services,interest_coverage,80.4981,62.69,Mar 2023
TCS,IT Services,interest_coverage,87.0951,65.67,Mar 2024
TECHM,IT Services,interest_coverage,12.4369,2.24,Mar 2013
TECHM,IT Services,interest_coverage,12.4369,2.24,Mar 2013
TECHM,IT Services,interest_coverage,55.2,45.52,Mar 2014
TECHM,IT Services,interest_coverage,55.2,45.52,Mar 2014
TECHM,IT Services,interest_coverage,62.3043,52.99,Mar 2015
TECHM,IT Services,interest_coverage,62.3043,52.99,Mar 2015
TECHM,IT Services,interest_coverage,48.5876,36.57,Mar 2016
TECHM,IT Services,interest_coverage,48.5876,36.57,Mar 2016
TECHM,IT Services,interest_coverage,38.4419,23.13,Mar 2017
TECHM,IT Services,interest_coverage,38.4419,23.13,Mar 2017
TECHM,IT Services,interest_coverage,37.821,18.66,Mar 2018
TECHM,IT Services,interest_coverage,37.821,18.66,Mar 2018
TECHM,IT Services,interest_coverage,51.1654,42.54,Mar 2019
TECHM,IT Services,interest_coverage,51.1654,42.54,Mar 2019
TECHM,IT Services,interest_coverage,34.8698,14.18,Mar 2020
TECHM,IT Services,interest_coverage,34.8698,14.18,Mar 2020
TECHM,IT Services,interest_coverage,43.5862,29.1,Mar 2021
TECHM,IT Services,interest_coverage,43.5862,29.1,Mar 2021
TECHM,IT Services,interest_coverage,56.0429,48.51,Mar 2022
TECHM,IT Services,interest_coverage,56.0429,48.51,Mar 2022
TECHM,IT Services,interest_coverage,26.773,8.21,Mar 2023
TECHM,IT Services,interest_coverage,26.773,8.21,Mar 2023
TECHM,IT Services,interest_coverage,13.8597,5.22,Mar 2024
TECHM,IT Services,interest_coverage,13.8597,5.22,Mar 2024
HCLTECH,IT Services,asset_turnover,1.1421,53.52,Jun 2013
HCLTECH,IT Services,asset_turnover,1.0722,42.25,Jun 2014
HCLTECH,IT Services,asset_turnover,1.0413,38.03,Jun 2015
HCLTECH,IT Services,asset_turnover,1.0395,36.62,Mar 2017
HCLTECH,IT Services,asset_turnover,1.0538,40.85,Mar 2018
HCLTECH,IT Services,asset_turnover,1.0356,32.39,Mar 2019
HCLTECH,IT Services,asset_turnover,0.8534,8.45,Mar 2020
HCLTECH,IT Services,asset_turnover,0.876,11.27,Mar 2021
HCLTECH,IT Services,asset_turnover,0.9632,19.72,Mar 2022
HCLTECH,IT Services,asset_turnover,1.088,43.66,Mar 2023
HCLTECH,IT Services,asset_turnover,1.1102,45.07,Mar 2024
INFY,IT Services,asset_turnover,0.872,9.86,Mar 2013
INFY,IT Services,asset_turnover,0.8801,12.68,Mar 2014
INFY,IT Services,asset_turnover,0.8043,4.23,Mar 2015
INFY,IT Services,asset_turnover,0.8315,7.04,Mar 2016
INFY,IT Services,asset_turnover,0.8236,5.63,Mar 2017
INFY,IT Services,asset_turnover,0.8888,14.08,Mar 2018
INFY,IT Services,asset_turnover,0.9835,21.13,Mar 2019
INFY,IT Services,asset_turnover,0.989,25.35,Mar 2020
INFY,IT Services,asset_turnover,0.9345,15.49,Mar 2021
INFY,IT Services,asset_turnover,1.0421,39.44,Mar 2022
INFY,IT Services,asset_turnover,1.1779,64.79,Mar 2023
INFY,IT Services,asset_turnover,1.1298,49.3,Mar 2024
LTIM,IT Services,asset_turnover,1.6542,94.37,Mar 2013
LTIM,IT Services,asset_turnover,1.8455,98.59,Mar 2014
LTIM,IT Services,asset_turnover,1.6716,97.18,Mar 2015
LTIM,IT Services,asset_turnover,1.8636,100.0,Mar 2016
LTIM,IT Services,asset_turnover,1.4718,91.55,Mar 2017
LTIM,IT Services,asset_turnover,1.3689,87.32,Mar 2018
LTIM,IT Services,asset_turnover,1.4175,90.14,Mar 2019
LTIM,IT Services,asset_turnover,1.2341,76.06,Mar 2020
LTIM,IT Services,asset_turnover,1.1554,56.34,Mar 2021
LTIM,IT Services,asset_turnover,1.2692,78.87,Mar 2022
LTIM,IT Services,asset_turnover,1.4132,88.73,Mar 2023
LTIM,IT Services,asset_turnover,1.2895,81.69,Mar 2024
TCS,IT Services,asset_turnover,1.2129,71.83,Mar 2013
TCS,IT Services,asset_turnover,1.2242,73.24,Mar 2014
TCS,IT Services,asset_turnover,1.2909,83.1,Mar 2015
TCS,IT Services,asset_turnover,1.2305,74.65,Mar 2016
TCS,IT Services,asset_turnover,1.1528,54.93,Mar 2017
TCS,IT Services,asset_turnover,1.171,60.56,Mar 2018
TCS,IT Services,asset_turnover,1.2859,80.28,Mar 2019
TCS,IT Services,asset_turnover,1.3065,84.51,Mar 2020
TCS,IT Services,asset_turnover,1.263,77.46,Mar 2021
TCS,IT Services,asset_turnover,1.3607,85.92,Mar 2022
TCS,IT Services,asset_turnover,1.5782,92.96,Mar 2023
TCS,IT Services,asset_turnover,1.6559,95.77,Mar 2024
TECHM,IT Services,asset_turnover,0.765,2.11,Mar 2013
TECHM,IT Services,asset_turnover,0.765,2.11,Mar 2013
TECHM,IT Services,asset_turnover,1.1795,66.9,Mar 2014
TECHM,IT Services,asset_turnover,1.1795,66.9,Mar 2014
TECHM,IT Services,asset_turnover,1.1397,51.41,Mar 2015
TECHM,IT Services,asset_turnover,1.1397,51.41,Mar 2015
TECHM,IT Services,asset_turnover,1.1762,62.68,Mar 2016
TECHM,IT Services,asset_turnover,1.1762,62.68,Mar 2016
TECHM,IT Services,asset_turnover,1.1184,47.18,Mar 2017
TECHM,IT Services,asset_turnover,1.1184,47.18,Mar 2017
TECHM,IT Services,asset_turnover,1.0112,30.28,Mar 2018
TECHM,IT Services,asset_turnover,1.0112,30.28,Mar 2018
TECHM,IT Services,asset_turnover,1.0387,34.51,Mar 2019
TECHM,IT Services,asset_turnover,1.0387,34.51,Mar 2019
TECHM,IT Services,asset_turnover,0.9879,23.24,Mar 2020
TECHM,IT Services,asset_turnover,0.9879,23.24,Mar 2020
TECHM,IT Services,asset_turnover,0.9559,17.61,Mar 2021
TECHM,IT Services,asset_turnover,0.9559,17.61,Mar 2021
TECHM,IT Services,asset_turnover,1.0052,27.46,Mar 2022
TECHM,IT Services,asset_turnover,1.0052,27.46,Mar 2022
TECHM,IT Services,asset_turnover,1.1629,58.45,Mar 2023
TECHM,IT Services,asset_turnover,1.1629,58.45,Mar 2023
TECHM,IT Services,asset_turnover,1.205,69.72,Mar 2024
TECHM,IT Services,asset_turnover,1.205,69.72,Mar 2024
HDFCLIFE,Life Insurance,return_on_equity_pct,33.43,78.57,Mar 2013
HDFCLIFE,Life Insurance,return_on_equity_pct,37.6,85.71,Mar 2014
HDFCLIFE,Life Insurance,return_on_equity_pct,30.93,71.43,Mar 2015
HDFCLIFE,Life Insurance,return_on_equity_pct,26.33,69.05,Mar 2016
HDFCLIFE,Life Insurance,return_on_equity_pct,23.18,59.52,Mar 2017
HDFCLIFE,Life Insurance,return_on_equity_pct,23.53,61.9,Mar 2018
HDFCLIFE,Life Insurance,return_on_equity_pct,22.65,54.76,Mar 2019
HDFCLIFE,Life Insurance,return_on_equity_pct,19.05,47.62,Mar 2020
HDFCLIFE,Life Insurance,return_on_equity_pct,15.75,30.95,Mar 2021
HDFCLIFE,Life Insurance,return_on_equity_pct,8.5,9.52,Mar 2022
HDFCLIFE,Life Insurance,return_on_equity_pct,10.53,14.29,Mar 2023
HDFCLIFE,Life Insurance,return_on_equity_pct,10.73,16.67,Mar 2024
ICICIPRULI,Life Insurance,return_on_equity_pct,38.25,88.1,Mar 2013
ICICIPRULI,Life Insurance,return_on_equity_pct,35.61,80.95,Mar 2014
ICICIPRULI,Life Insurance,return_on_equity_pct,31.15,76.19,Mar 2015
ICICIPRULI,Life Insurance,return_on_equity_pct,31.0,73.81,Mar 2016
ICICIPRULI,Life Insurance,return_on_equity_pct,26.26,66.67,Mar 2017
ICICIPRULI,Life Insurance,return_on_equity_pct,24.63,64.29,Mar 2018
ICICIPRULI,Life Insurance,return_on_equity_pct,16.58,35.71,Mar 2019
ICICIPRULI,Life Insurance,return_on_equity_pct,14.79,28.57,Mar 2020
ICICIPRULI,Life Insurance,return_on_equity_pct,10.5,11.9,Mar 2021
ICICIPRULI,Life Insurance,return_on_equity_pct,8.290000000000001,7.14,Mar 2022
ICICIPRULI,Life Insurance,return_on_equity_pct,8.06,4.76,Mar 2023
ICICIPRULI,Life Insurance,return_on_equity_pct,7.73,2.38,Mar 2024
LICI,Life Insurance,return_on_equity_pct,324.32,100.0,Mar 2019
LICI,Life Insurance,return_on_equity_pct,270.46,97.62,Mar 2020
LICI,Life Insurance,return_on_equity_pct,43.2,90.48,Mar 2021
LICI,Life Insurance,return_on_equity_pct,36.38,83.33,Mar 2022
LICI,Life Insurance,return_on_equity_pct,77.86,95.24,Mar 2023
LICI,Life Insurance,return_on_equity_pct,49.45,92.86,Mar 2024
SBILIFE,Life Insurance,return_on_equity_pct,23.03,57.14,Mar 2013
SBILIFE,Life Insurance,return_on_equity_pct,21.69,52.38,Mar 2014
SBILIFE,Life Insurance,return_on_equity_pct,20.09,50.0,Mar 2015
SBILIFE,Life Insurance,return_on_equity_pct,17.83,45.24,Mar 2016
SBILIFE,Life Insurance,return_on_equity_pct,17.2,38.1,Mar 2017
SBILIFE,Life Insurance,return_on_equity_pct,17.62,42.86,Mar 2018
SBILIFE,Life Insurance,return_on_equity_pct,17.52,40.48,Mar 2019
SBILIFE,Life Insurance,return_on_equity_pct,16.26,33.33,Mar 2020
SBILIFE,Life Insurance,return_on_equity_pct,14.0,26.19,Mar 2021
SBILIFE,Life Insurance,return_on_equity_pct,12.96,21.43,Mar 2022
SBILIFE,Life Insurance,return_on_equity_pct,13.22,23.81,Mar 2023
SBILIFE,Life Insurance,return_on_equity_pct,12.7,19.05,Mar 2024
HDFCLIFE,Life Insurance,operating_profit_margin_pct,525.0,59.52,Mar 2013
HDFCLIFE,Life Insurance,operating_profit_margin_pct,605.0,66.67,Mar 2014
HDFCLIFE,Life Insurance,operating_profit_margin_pct,874.0,73.81,Mar 2015
HDFCLIFE,Life Insurance,operating_profit_margin_pct,953.0,76.19,Mar 2016
HDFCLIFE,Life Insurance,operating_profit_margin_pct,972.0,78.57,Mar 2017
HDFCLIFE,Life Insurance,operating_profit_margin_pct,1074.0,80.95,Mar 2018
HDFCLIFE,Life Insurance,operating_profit_margin_pct,1215.0,85.71,Mar 2019
HDFCLIFE,Life Insurance,operating_profit_margin_pct,1141.0,83.33,Mar 2020
HDFCLIFE,Life Insurance,operating_profit_margin_pct,1235.0,88.1,Mar 2021
HDFCLIFE,Life Insurance,operating_profit_margin_pct,778.0,71.43,Mar 2022
HDFCLIFE,Life Insurance,operating_profit_margin_pct,80.0,57.14,Mar 2023
HDFCLIFE,Life Insurance,operating_profit_margin_pct,531.0,61.9,Mar 2024
ICICIPRULI,Life Insurance,operating_profit_margin_pct,745.0,69.05,Mar 2013
ICICIPRULI,Life Insurance,operating_profit_margin_pct,1504.0,90.48,Mar 2014
ICICIPRULI,Life Insurance,operating_profit_margin_pct,1655.0,92.86,Mar 2015
ICICIPRULI,Life Insurance,operating_profit_margin_pct,1842.0,100.0,Mar 2016
ICICIPRULI,Life Insurance,operating_profit_margin_pct,1806.0,97.62,Mar 2017
ICICIPRULI,Life Insurance,operating_profit_margin_pct,1771.0,95.24,Mar 2018
ICICIPRULI,Life Insurance,operating_profit_margin_pct,541.0,64.29,Mar 2019
ICICIPRULI,Life Insurance,operating_profit_margin_pct,-319.0,11.9,Mar 2020
ICICIPRULI,Life Insurance,operating_profit_margin_pct,-390.0,9.52,Mar 2021
ICICIPRULI,Life Insurance,operating_profit_margin_pct,-2163.0,2.38,Mar 2022
ICICIPRULI,Life Insurance,operating_profit_margin_pct,-1757.0,7.14,Mar 2023
ICICIPRULI,Life Insurance,operating_profit_margin_pct,-1829.0,4.76,Mar 2024
LICI,Life Insurance,operating_profit_margin_pct,1.0,28.57,Mar 2019
LICI,Life Insurance,operating_profit_margin_pct,-1.0,14.29,Mar 2020
LICI,Life Insurance,operating_profit_margin_pct,0.0,20.24,Mar 2021
LICI,Life Insurance,operating_profit_margin_pct,0.0,20.24,Mar 2022
LICI,Life Insurance,operating_profit_margin_pct,4.0,48.81,Mar 2023
LICI,Life Insurance,operating_profit_margin_pct,4.0,48.81,Mar 2024
SBILIFE,Life Insurance,operating_profit_margin_pct,3.0,38.1,Mar 2013
SBILIFE,Life Insurance,operating_profit_margin_pct,3.0,38.1,Mar 2014
SBILIFE,Life Insurance,operating_profit_margin_pct,3.0,38.1,Mar 2015
SBILIFE,Life Insurance,operating_profit_margin_pct,5.0,54.76,Mar 2016
SBILIFE,Life Insurance,operating_profit_margin_pct,4.0,48.81,Mar 2017
SBILIFE,Life Insurance,operating_profit_margin_pct,4.0,48.81,Mar 2018
SBILIFE,Life Insurance,operating_profit_margin_pct,3.0,38.1,Mar 2019
SBILIFE,Life Insurance,operating_profit_margin_pct,3.0,38.1,Mar 2020
SBILIFE,Life Insurance,operating_profit_margin_pct,1.0,28.57,Mar 2021
SBILIFE,Life Insurance,operating_profit_margin_pct,1.0,28.57,Mar 2022
SBILIFE,Life Insurance,operating_profit_margin_pct,0.0,20.24,Mar 2023
SBILIFE,Life Insurance,operating_profit_margin_pct,0.0,20.24,Mar 2024
HDFCLIFE,Life Insurance,net_profit_margin_pct,3.18,52.38,Mar 2013
HDFCLIFE,Life Insurance,net_profit_margin_pct,4.22,70.24,Mar 2014
HDFCLIFE,Life Insurance,net_profit_margin_pct,2.89,44.05,Mar 2015
HDFCLIFE,Life Insurance,net_profit_margin_pct,4.5,83.33,Mar 2016
HDFCLIFE,Life Insurance,net_profit_margin_pct,2.89,44.05,Mar 2017
HDFCLIFE,Life Insurance,net_profit_margin_pct,3.43,61.9,Mar 2018
HDFCLIFE,Life Insurance,net_profit_margin_pct,3.29,57.14,Mar 2019
HDFCLIFE,Life Insurance,net_profit_margin_pct,4.41,78.57,Mar 2020
HDFCLIFE,Life Insurance,net_profit_margin_pct,1.9,30.95,Mar 2021
HDFCLIFE,Life Insurance,net_profit_margin_pct,1.98,35.71,Mar 2022
HDFCLIFE,Life Insurance,net_profit_margin_pct,1.95,33.33,Mar 2023
HDFCLIFE,Life Insurance,net_profit_margin_pct,1.55,21.43,Mar 2024
ICICIPRULI,Life Insurance,net_profit_margin_pct,7.57,97.62,Mar 2013
ICICIPRULI,Life Insurance,net_profit_margin_pct,7.13,95.24,Mar 2014
ICICIPRULI,Life Insurance,net_profit_margin_pct,4.760000000000001,88.1,Mar 2015
ICICIPRULI,Life Insurance,net_profit_margin_pct,7.91,100.0,Mar 2016
ICICIPRULI,Life Insurance,net_profit_margin_pct,4.45,80.95,Mar 2017
ICICIPRULI,Life Insurance,net_profit_margin_pct,4.17,66.67,Mar 2018
ICICIPRULI,Life Insurance,net_profit_margin_pct,2.75,40.48,Mar 2019
ICICIPRULI,Life Insurance,net_profit_margin_pct,5.07,92.86,Mar 2020
ICICIPRULI,Life Insurance,net_profit_margin_pct,1.15,14.29,Mar 2021
ICICIPRULI,Life Insurance,net_profit_margin_pct,1.19,16.67,Mar 2022
ICICIPRULI,Life Insurance,net_profit_margin_pct,1.61,23.81,Mar 2023
ICICIPRULI,Life Insurance,net_profit_margin_pct,0.9400000000000001,11.9,Mar 2024
LICI,Life Insurance,net_profit_margin_pct,0.46,7.14,Mar 2019
LICI,Life Insurance,net_profit_margin_pct,0.43,3.57,Mar 2020
LICI,Life Insurance,net_profit_margin_pct,0.43,3.57,Mar 2021
LICI,Life Insurance,net_profit_margin_pct,0.5700000000000001,9.52,Mar 2022
LICI,Life Insurance,net_profit_margin_pct,4.590000000000001,85.71,Mar 2023
LICI,Life Insurance,net_profit_margin_pct,4.84,90.48,Mar 2024
SBILIFE,Life Insurance,net_profit_margin_pct,4.24,73.81,Mar 2013
SBILIFE,Life Insurance,net_profit_margin_pct,4.22,70.24,Mar 2014
SBILIFE,Life Insurance,net_profit_margin_pct,3.48,64.29,Mar 2015
SBILIFE,Life Insurance,net_profit_margin_pct,4.37,76.19,Mar 2016
SBILIFE,Life Insurance,net_profit_margin_pct,3.13,50.0,Mar 2017
SBILIFE,Life Insurance,net_profit_margin_pct,3.38,59.52,Mar 2018
SBILIFE,Life Insurance,net_profit_margin_pct,2.98,47.62,Mar 2019
SBILIFE,Life Insurance,net_profit_margin_pct,3.25,54.76,Mar 2020
SBILIFE,Life Insurance,net_profit_margin_pct,1.78,26.19,Mar 2021
SBILIFE,Life Insurance,net_profit_margin_pct,1.81,28.57,Mar 2022
SBILIFE,Life Insurance,net_profit_margin_pct,2.13,38.1,Mar 2023
SBILIFE,Life Insurance,net_profit_margin_pct,1.43,19.05,Mar 2024
HDFCLIFE,Life Insurance,debt_to_equity,0.0,64.29,Mar 2013
HDFCLIFE,Life Insurance,debt_to_equity,0.0,64.29,Mar 2014
HDFCLIFE,Life Insurance,debt_to_equity,0.0,64.29,Mar 2015
HDFCLIFE,Life Insurance,debt_to_equity,0.0,64.29,Mar 2016
HDFCLIFE,Life Insurance,debt_to_equity,0.0,64.29,Mar 2017
HDFCLIFE,Life Insurance,debt_to_equity,0.0,64.29,Mar 2018
HDFCLIFE,Life Insurance,debt_to_equity,0.0,64.29,Mar 2019
HDFCLIFE,Life Insurance,debt_to_equity,0.0,64.29,Mar 2020
HDFCLIFE,Life Insurance,debt_to_equity,0.0694,19.05,Mar 2021
HDFCLIFE,Life Insurance,debt_to_equity,0.0384,23.81,Mar 2022
HDFCLIFE,Life Insurance,debt_to_equity,0.0731,16.67,Mar 2023
HDFCLIFE,Life Insurance,debt_to_equity,0.0648,21.43,Mar 2024
ICICIPRULI,Life Insurance,debt_to_equity,0.0,64.29,Mar 2013
ICICIPRULI,Life Insurance,debt_to_equity,0.0,64.29,Mar 2014
ICICIPRULI,Life Insurance,debt_to_equity,0.0,64.29,Mar 2015
ICICIPRULI,Life Insurance,debt_to_equity,0.1933,4.76,Mar 2016
ICICIPRULI,Life Insurance,debt_to_equity,0.0,64.29,Mar 2017
ICICIPRULI,Life Insurance,debt_to_equity,0.0,64.29,Mar 2018
ICICIPRULI,Life Insurance,debt_to_equity,0.0,64.29,Mar 2019
ICICIPRULI,Life Insurance,debt_to_equity,0.0,64.29,Mar 2020
ICICIPRULI,Life Insurance,debt_to_equity,0.1317,7.14,Mar 2021
ICICIPRULI,Life Insurance,debt_to_equity,0.131,9.52,Mar 2022
ICICIPRULI,Life Insurance,debt_to_equity,0.1189,11.9,Mar 2023
ICICIPRULI,Life Insurance,debt_to_equity,0.109,14.29,Mar 2024
LICI,Life Insurance,debt_to_equity,332.5938,0.0,Mar 2019
LICI,Life Insurance,debt_to_equity,252.9082,2.38,Mar 2020
LICI,Life Insurance,debt_to_equity,0.0006,26.19,Mar 2021
LICI,Life Insurance,debt_to_equity,0.0001,28.57,Mar 2022
LICI,Life Insurance,debt_to_equity,0.0,64.29,Mar 2023
LICI,Life Insurance,debt_to_equity,0.0,64.29,Mar 2024
SBILIFE,Life Insurance,debt_to_equity,0.0,64.29,Mar 2013
SBILIFE,Life Insurance,debt_to_equity,0.0,64.29,Mar 2014
SBILIFE,Life Insurance,debt_to_equity,0.0,64.29,Mar 2015
SBILIFE,Life Insurance,debt_to_equity,0.0,64.29,Mar 2016
SBILIFE,Life Insurance,debt_to_equity,0.0,64.29,Mar 2017
SBILIFE,Life Insurance,debt_to_equity,0.0,64.29,Mar 2018
SBILIFE,Life Insurance,debt_to_equity,0.0,64.29,Mar 2019
SBILIFE,Life Insurance,debt_to_equity,0.0,64.29,Mar 2020
SBILIFE,Life Insurance,debt_to_equity,0.0,64.29,Mar 2021
SBILIFE,Life Insurance,debt_to_equity,0.0,64.29,Mar 2022
SBILIFE,Life Insurance,debt_to_equity,0.0,64.29,Mar 2023
SBILIFE,Life Insurance,debt_to_equity,0.0,64.29,Mar 2024
HDFCLIFE,Life Insurance,interest_coverage,483.5357,94.12,Mar 2013
HDFCLIFE,Life Insurance,interest_coverage,68.7344,26.47,Mar 2014
HDFCLIFE,Life Insurance,interest_coverage,333.4684,88.24,Mar 2015
HDFCLIFE,Life Insurance,interest_coverage,159.1852,44.12,Mar 2016
HDFCLIFE,Life Insurance,interest_coverage,213.5036,61.76,Mar 2017
HDFCLIFE,Life Insurance,interest_coverage,110.5993,35.29,Mar 2018
HDFCLIFE,Life Insurance,interest_coverage,276.7868,79.41,Mar 2019
HDFCLIFE,Life Insurance,interest_coverage,76.5393,29.41,Mar 2020
HDFCLIFE,Life Insurance,interest_coverage,157.9685,38.24,Mar 2021
HDFCLIFE,Life Insurance,interest_coverage,86.6175,32.35,Mar 2022
HDFCLIFE,Life Insurance,interest_coverage,48.801,17.65,Mar 2023
HDFCLIFE,Life Insurance,interest_coverage,192.2895,52.94,Mar 2024
ICICIPRULI,Life Insurance,interest_coverage,21.4267,11.76,Mar 2013
ICICIPRULI,Life Insurance,interest_coverage,158.0698,41.18,Mar 2014
ICICIPRULI,Life Insurance,interest_coverage,762.8605,100.0,Mar 2015
ICICIPRULI,Life Insurance,interest_coverage,,,Mar 2016
ICICIPRULI,Life Insurance,interest_coverage,277.0385,82.35,Mar 2017
ICICIPRULI,Life Insurance,interest_coverage,280.8106,85.29,Mar 2018
ICICIPRULI,Life Insurance,interest_coverage,50.3358,23.53,Mar 2019
ICICIPRULI,Life Insurance,interest_coverage,13.5247,2.94,Mar 2020
ICICIPRULI,Life Insurance,interest_coverage,50.0731,20.59,Mar 2021
ICICIPRULI,Life Insurance,interest_coverage,20.597,8.82,Mar 2022
ICICIPRULI,Life Insurance,interest_coverage,17.8571,5.88,Mar 2023
ICICIPRULI,Life Insurance,interest_coverage,31.0215,14.71,Mar 2024
LICI,Life Insurance,interest_coverage,,,Mar 2019
LICI,Life Insurance,interest_coverage,,,Mar 2020
LICI,Life Insurance,interest_coverage,,,Mar 2021
LICI,Life Insurance,interest_coverage,,,Mar 2022
LICI,Life Insurance,interest_coverage,545.5455,97.06,Mar 2023
LICI,Life Insurance,interest_coverage,371.9375,91.18,Mar 2024
SBILIFE,Life Insurance,interest_coverage,179.75,50.0,Mar 2013
SBILIFE,Life Insurance,interest_coverage,171.0,47.06,Mar 2014
SBILIFE,Life Insurance,interest_coverage,244.25,73.53,Mar 2015
SBILIFE,Life Insurance,interest_coverage,209.8,58.82,Mar 2016
SBILIFE,Life Insurance,interest_coverage,241.4,70.59,Mar 2017
SBILIFE,Life Insurance,interest_coverage,248.0,76.47,Mar 2018
SBILIFE,Life Insurance,interest_coverage,217.5,64.71,Mar 2019
SBILIFE,Life Insurance,interest_coverage,,,Mar 2020
SBILIFE,Life Insurance,interest_coverage,,,Mar 2021
SBILIFE,Life Insurance,interest_coverage,,,Mar 2022
SBILIFE,Life Insurance,interest_coverage,198.4,55.88,Mar 2023
SBILIFE,Life Insurance,interest_coverage,240.3333,67.65,Mar 2024
HDFCLIFE,Life Insurance,asset_turnover,0.3354,88.1,Mar 2013
HDFCLIFE,Life Insurance,asset_turnover,0.3284,80.95,Mar 2014
HDFCLIFE,Life Insurance,asset_turnover,0.3927,97.62,Mar 2015
HDFCLIFE,Life Insurance,asset_turnover,0.237,28.57,Mar 2016
HDFCLIFE,Life Insurance,asset_turnover,0.3223,78.57,Mar 2017
HDFCLIFE,Life Insurance,asset_turnover,0.292,59.52,Mar 2018
HDFCLIFE,Life Insurance,asset_turnover,0.2988,63.1,Mar 2019
HDFCLIFE,Life Insurance,asset_turnover,0.2222,23.81,Mar 2020
HDFCLIFE,Life Insurance,asset_turnover,0.3981,100.0,Mar 2021
HDFCLIFE,Life Insurance,asset_turnover,0.2909,57.14,Mar 2022
HDFCLIFE,Life Insurance,asset_turnover,0.283,52.38,Mar 2023
HDFCLIFE,Life Insurance,asset_turnover,0.3353,85.71,Mar 2024
ICICIPRULI,Life Insurance,asset_turnover,0.2662,40.48,Mar 2013
ICICIPRULI,Life Insurance,asset_turnover,0.2687,42.86,Mar 2014
ICICIPRULI,Life Insurance,asset_turnover,0.3404,90.48,Mar 2015
ICICIPRULI,Life Insurance,asset_turnover,0.199,21.43,Mar 2016
ICICIPRULI,Life Insurance,asset_turnover,0.3032,69.05,Mar 2017
ICICIPRULI,Life Insurance,asset_turnover,0.2738,45.24,Mar 2018
ICICIPRULI,Life Insurance,asset_turnover,0.2542,30.95,Mar 2019
ICICIPRULI,Life Insurance,asset_turnover,0.1347,2.38,Mar 2020
ICICIPRULI,Life Insurance,asset_turnover,0.3829,95.24,Mar 2021
ICICIPRULI,Life Insurance,asset_turnover,0.26,35.71,Mar 2022
ICICIPRULI,Life Insurance,asset_turnover,0.1973,19.05,Mar 2023
ICICIPRULI,Life Insurance,asset_turnover,0.302,66.67,Mar 2024
LICI,Life Insurance,asset_turnover,0.1668,7.14,Mar 2019
LICI,Life Insurance,asset_turnover,0.1794,14.29,Mar 2020
LICI,Life Insurance,asset_turnover,0.1804,16.67,Mar 2021
LICI,Life Insurance,asset_turnover,0.1701,9.52,Mar 2022
LICI,Life Insurance,asset_turnover,0.1714,11.9,Mar 2023
LICI,Life Insurance,asset_turnover,0.1591,4.76,Mar 2024
SBILIFE,Life Insurance,asset_turnover,0.2768,47.62,Mar 2013
SBILIFE,Life Insurance,asset_turnover,0.2846,54.76,Mar 2014
SBILIFE,Life Insurance,asset_turnover,0.3157,76.19,Mar 2015
SBILIFE,Life Insurance,asset_turnover,0.2316,26.19,Mar 2016
SBILIFE,Life Insurance,asset_turnover,0.2988,63.1,Mar 2017
SBILIFE,Life Insurance,asset_turnover,0.2799,50.0,Mar 2018
SBILIFE,Life Insurance,asset_turnover,0.304,73.81,Mar 2019
SBILIFE,Life Insurance,asset_turnover,0.2645,38.1,Mar 2020
SBILIFE,Life Insurance,asset_turnover,0.3611,92.86,Mar 2021
SBILIFE,Life Insurance,asset_turnover,0.3036,71.43,Mar 2022
SBILIFE,Life Insurance,asset_turnover,0.2563,33.33,Mar 2023
SBILIFE,Life Insurance,asset_turnover,0.3314,83.33,Mar 2024
HINDALCO,Steel,return_on_equity_pct,8.51,54.17,Mar 2013
HINDALCO,Steel,return_on_equity_pct,5.41,39.58,Mar 2014
HINDALCO,Steel,return_on_equity_pct,0.6799999999999999,29.17,Mar 2015
HINDALCO,Steel,return_on_equity_pct,-1.73,22.92,Mar 2016
HINDALCO,Steel,return_on_equity_pct,4.09,35.42,Mar 2017
HINDALCO,Steel,return_on_equity_pct,11.09,70.83,Mar 2018
HINDALCO,Steel,return_on_equity_pct,9.56,58.33,Mar 2019
HINDALCO,Steel,return_on_equity_pct,6.460000000000001,45.83,Mar 2020
HINDALCO,Steel,return_on_equity_pct,5.23,37.5,Mar 2021
HINDALCO,Steel,return_on_equity_pct,17.56,87.5,Mar 2022
HINDALCO,Steel,return_on_equity_pct,10.65,64.58,Mar 2023
HINDALCO,Steel,return_on_equity_pct,9.569999999999999,60.42,Mar 2024
JINDALSTEL,Steel,return_on_equity_pct,13.89,81.25,Mar 2013
JINDALSTEL,Steel,return_on_equity_pct,8.39,52.08,Mar 2014
JINDALSTEL,Steel,return_on_equity_pct,-6.9,14.58,Mar 2015
JINDALSTEL,Steel,return_on_equity_pct,-9.520000000000001,8.33,Mar 2016
JINDALSTEL,Steel,return_on_equity_pct,-8.450000000000001,10.42,Mar 2017
JINDALSTEL,Steel,return_on_equity_pct,-5.319999999999999,18.75,Mar 2018
JINDALSTEL,Steel,return_on_equity_pct,-7.52,12.5,Mar 2019
JINDALSTEL,Steel,return_on_equity_pct,-1.24,25.0,Mar 2020
JINDALSTEL,Steel,return_on_equity_pct,13.41,78.12,Mar 2021
JINDALSTEL,Steel,return_on_equity_pct,18.99,89.58,Mar 2022
JINDALSTEL,Steel,return_on_equity_pct,10.27,62.5,Mar 2023
JINDALSTEL,Steel,return_on_equity_pct,13.41,78.12,Mar 2024
JSWSTEEL,Steel,return_on_equity_pct,5.44,41.67,Mar 2013
JSWSTEEL,Steel,return_on_equity_pct,1.9,33.33,Mar 2014
JSWSTEEL,Steel,return_on_equity_pct,7.73,47.92,Mar 2015
JSWSTEEL,Steel,return_on_equity_pct,-2.54,20.83,Mar 2016
JSWSTEEL,Steel,return_on_equity_pct,15.31,83.33,Mar 2017
JSWSTEEL,Steel,return_on_equity_pct,21.83,93.75,Mar 2018
JSWSTEEL,Steel,return_on_equity_pct,21.62,91.67,Mar 2019
JSWSTEEL,Steel,return_on_equity_pct,10.71,66.67,Mar 2020
JSWSTEEL,Steel,return_on_equity_pct,16.84,85.42,Mar 2021
JSWSTEEL,Steel,return_on_equity_pct,31.11,97.92,Mar 2022
JSWSTEEL,Steel,return_on_equity_pct,6.3,43.75,Mar 2023
JSWSTEEL,Steel,return_on_equity_pct,11.55,72.92,Mar 2024
TATASTEEL,Steel,return_on_equity_pct,-21.28,2.08,Mar 2013
TATASTEEL,Steel,return_on_equity_pct,9.04,56.25,Mar 2014
TATASTEEL,Steel,return_on_equity_pct,-12.56,4.17,Mar 2015
TATASTEEL,Steel,return_on_equity_pct,-1.14,27.08,Mar 2016
TATASTEEL,Steel,return_on_equity_pct,-11.02,6.25,Mar 2017
TATASTEEL,Steel,return_on_equity_pct,29.15,95.83,Mar 2018
TATASTEEL,Steel,return_on_equity_pct,13.23,75.0,Mar 2019
TATASTEEL,Steel,return_on_equity_pct,1.6,31.25,Mar 2020
TATASTEEL,Steel,return_on_equity_pct,11.03,68.75,Mar 2021
TATASTEEL,Steel,return_on_equity_pct,36.48,100.0,Mar 2022
TATASTEEL,Steel,return_on_equity_pct,7.829999999999999,50.0,Mar 2023
TATASTEEL,Steel,return_on_equity_pct,-5.33,16.67,Mar 2024
HINDALCO,Steel,operating_profit_margin_pct,7699.0,77.08,Mar 2013
HINDALCO,Steel,operating_profit_margin_pct,8024.0,81.25,Mar 2014
HINDALCO,Steel,operating_profit_margin_pct,8844.0,83.33,Mar 2015
HINDALCO,Steel,operating_profit_margin_pct,7778.0,79.17,Mar 2016
HINDALCO,Steel,operating_profit_margin_pct,12317.0,85.42,Mar 2017
HINDALCO,Steel,operating_profit_margin_pct,13695.0,87.5,Mar 2018
HINDALCO,Steel,operating_profit_margin_pct,15511.0,91.67,Mar 2019
HINDALCO,Steel,operating_profit_margin_pct,14306.0,89.58,Mar 2020
HINDALCO,Steel,operating_profit_margin_pct,17559.0,93.75,Mar 2021
HINDALCO,Steel,operating_profit_margin_pct,28347.0,100.0,Mar 2022
HINDALCO,Steel,operating_profit_margin_pct,22666.0,95.83,Mar 2023
HINDALCO,Steel,operating_profit_margin_pct,23872.0,97.92,Mar 2024
JINDALSTEL,Steel,operating_profit_margin_pct,31.0,72.92,Mar 2013
JINDALSTEL,Steel,operating_profit_margin_pct,30.0,69.79,Mar 2014
JINDALSTEL,Steel,operating_profit_margin_pct,28.0,66.67,Mar 2015
JINDALSTEL,Steel,operating_profit_margin_pct,18.0,35.42,Mar 2016
JINDALSTEL,Steel,operating_profit_margin_pct,22.0,56.25,Mar 2017
JINDALSTEL,Steel,operating_profit_margin_pct,19.0,43.75,Mar 2018
JINDALSTEL,Steel,operating_profit_margin_pct,18.0,35.42,Mar 2019
JINDALSTEL,Steel,operating_profit_margin_pct,18.0,35.42,Mar 2020
JINDALSTEL,Steel,operating_profit_margin_pct,32.0,75.0,Mar 2021
JINDALSTEL,Steel,operating_profit_margin_pct,30.0,69.79,Mar 2022
JINDALSTEL,Steel,operating_profit_margin_pct,19.0,43.75,Mar 2023
JINDALSTEL,Steel,operating_profit_margin_pct,20.0,48.96,Mar 2024
JSWSTEEL,Steel,operating_profit_margin_pct,17.0,28.12,Mar 2013
JSWSTEEL,Steel,operating_profit_margin_pct,18.0,35.42,Mar 2014
JSWSTEEL,Steel,operating_profit_margin_pct,18.0,35.42,Mar 2015
JSWSTEEL,Steel,operating_profit_margin_pct,15.0,20.83,Mar 2016
JSWSTEEL,Steel,operating_profit_margin_pct,22.0,56.25,Mar 2017
JSWSTEEL,Steel,operating_profit_margin_pct,21.0,52.08,Mar 2018
JSWSTEEL,Steel,operating_profit_margin_pct,22.0,56.25,Mar 2019
JSWSTEEL,Steel,operating_profit_margin_pct,16.0,23.96,Mar 2020
JSWSTEEL,Steel,operating_profit_margin_pct,25.0,60.42,Mar 2021
JSWSTEEL,Steel,operating_profit_margin_pct,27.0,64.58,Mar 2022
JSWSTEEL,Steel,operating_profit_margin_pct,11.0,11.46,Mar 2023
JSWSTEEL,Steel,operating_profit_margin_pct,16.0,23.96,Mar 2024
TATASTEEL,Steel,operating_profit_margin_pct,3.0,6.25,Mar 2013
TATASTEEL,Steel,operating_profit_margin_pct,11.0,11.46,Mar 2014
TATASTEEL,Steel,operating_profit_margin_pct,2.0,4.17,Mar 2015
TATASTEEL,Steel,operating_profit_margin_pct,-1.0,2.08,Mar 2016
TATASTEEL,Steel,operating_profit_margin_pct,12.0,15.62,Mar 2017
TATASTEEL,Steel,operating_profit_margin_pct,17.0,28.12,Mar 2018
TATASTEEL,Steel,operating_profit_margin_pct,19.0,43.75,Mar 2019
TATASTEEL,Steel,operating_profit_margin_pct,12.0,15.62,Mar 2020
TATASTEEL,Steel,operating_profit_margin_pct,20.0,48.96,Mar 2021
TATASTEEL,Steel,operating_profit_margin_pct,26.0,62.5,Mar 2022
TATASTEEL,Steel,operating_profit_margin_pct,13.0,18.75,Mar 2023
TATASTEEL,Steel,operating_profit_margin_pct,10.0,8.33,Mar 2024
HINDALCO,Steel,net_profit_margin_pct,3.75,54.17,Mar 2013
HINDALCO,Steel,net_profit_margin_pct,2.5,43.75,Mar 2014
HINDALCO,Steel,net_profit_margin_pct,0.25,29.17,Mar 2015
HINDALCO,Steel,net_profit_margin_pct,-0.7100000000000001,25.0,Mar 2016
HINDALCO,Steel,net_profit_margin_pct,1.88,35.42,Mar 2017
HINDALCO,Steel,net_profit_margin_pct,5.28,66.67,Mar 2018
HINDALCO,Steel,net_profit_margin_pct,4.21,56.25,Mar 2019
HINDALCO,Steel,net_profit_margin_pct,3.19,47.92,Mar 2020
HINDALCO,Steel,net_profit_margin_pct,2.64,45.83,Mar 2021
HINDALCO,Steel,net_profit_margin_pct,7.04,75.0,Mar 2022
HINDALCO,Steel,net_profit_margin_pct,4.52,58.33,Mar 2023
HINDALCO,Steel,net_profit_margin_pct,4.7,60.42,Mar 2024
JINDALSTEL,Steel,net_profit_margin_pct,14.9,97.92,Mar 2013
JINDALSTEL,Steel,net_profit_margin_pct,9.83,83.33,Mar 2014
JINDALSTEL,Steel,net_profit_margin_pct,-7.48,6.25,Mar 2015
JINDALSTEL,Steel,net_profit_margin_pct,-15.86,2.08,Mar 2016
JINDALSTEL,Steel,net_profit_margin_pct,-11.75,4.17,Mar 2017
JINDALSTEL,Steel,net_profit_margin_pct,-4.850000000000001,12.5,Mar 2018
JINDALSTEL,Steel,net_profit_margin_pct,-5.140000000000001,10.42,Mar 2019
JINDALSTEL,Steel,net_profit_margin_pct,-1.05,22.92,Mar 2020
JINDALSTEL,Steel,net_profit_margin_pct,12.34,89.58,Mar 2021
JINDALSTEL,Steel,net_profit_margin_pct,13.22,91.67,Mar 2022
JINDALSTEL,Steel,net_profit_margin_pct,7.470000000000001,77.08,Mar 2023
JINDALSTEL,Steel,net_profit_margin_pct,11.8,87.5,Mar 2024
JSWSTEEL,Steel,net_profit_margin_pct,2.43,37.5,Mar 2013
JSWSTEEL,Steel,net_profit_margin_pct,0.7799999999999999,31.25,Mar 2014
JSWSTEEL,Steel,net_profit_margin_pct,3.25,50.0,Mar 2015
JSWSTEEL,Steel,net_profit_margin_pct,-1.16,20.83,Mar 2016
JSWSTEEL,Steel,net_profit_margin_pct,6.239999999999999,72.92,Mar 2017
JSWSTEEL,Steel,net_profit_margin_pct,8.5,79.17,Mar 2018
JSWSTEEL,Steel,net_profit_margin_pct,8.88,81.25,Mar 2019
JSWSTEEL,Steel,net_profit_margin_pct,5.34,68.75,Mar 2020
JSWSTEEL,Steel,net_profit_margin_pct,9.86,85.42,Mar 2021
JSWSTEEL,Steel,net_profit_margin_pct,14.3,93.75,Mar 2022
JSWSTEEL,Steel,net_profit_margin_pct,2.49,41.67,Mar 2023
JSWSTEEL,Steel,net_profit_margin_pct,5.13,62.5,Mar 2024
TATASTEEL,Steel,net_profit_margin_pct,-5.4,8.33,Mar 2013
TATASTEEL,Steel,net_profit_margin_pct,2.47,39.58,Mar 2014
TATASTEEL,Steel,net_profit_margin_pct,-2.82,16.67,Mar 2015
TATASTEEL,Steel,net_profit_margin_pct,-0.49,27.08,Mar 2016
TATASTEEL,Steel,net_profit_margin_pct,-3.71,14.58,Mar 2017
TATASTEEL,Steel,net_profit_margin_pct,14.4,95.83,Mar 2018
TATASTEEL,Steel,net_profit_margin_pct,5.79,70.83,Mar 2019
TATASTEEL,Steel,net_profit_margin_pct,0.84,33.33,Mar 2020
TATASTEEL,Steel,net_profit_margin_pct,5.24,64.58,Mar 2021
TATASTEEL,Steel,net_profit_margin_pct,17.11,100.0,Mar 2022
TATASTEEL,Steel,net_profit_margin_pct,3.32,52.08,Mar 2023
TATASTEEL,Steel,net_profit_margin_pct,-2.14,18.75,Mar 2024
HINDALCO,Steel,debt_to_equity,1.612,27.08,Mar 2013
HINDALCO,Steel,debt_to_equity,1.5948,31.25,Mar 2014
HINDALCO,Steel,debt_to_equity,1.7863,16.67,Mar 2015
HINDALCO,Steel,debt_to_equity,1.6635,25.0,Mar 2016
HINDALCO,Steel,debt_to_equity,1.3855,47.92,Mar 2017
HINDALCO,Steel,debt_to_equity,0.9494,75.0,Mar 2018
HINDALCO,Steel,debt_to_equity,0.9115,81.25,Mar 2019
HINDALCO,Steel,debt_to_equity,1.1729,62.5,Mar 2020
HINDALCO,Steel,debt_to_equity,1.0101,72.92,Mar 2021
HINDALCO,Steel,debt_to_equity,0.8247,83.33,Mar 2022
HINDALCO,Steel,debt_to_equity,0.6359,89.58,Mar 2023
HINDALCO,Steel,debt_to_equity,0.5309,91.67,Mar 2024
JINDALSTEL,Steel,debt_to_equity,1.1584,64.58,Mar 2013
JINDALSTEL,Steel,debt_to_equity,1.6085,29.17,Mar 2014
JINDALSTEL,Steel,debt_to_equity,2.1624,6.25,Mar 2015
JINDALSTEL,Steel,debt_to_equity,1.4427,41.67,Mar 2016
JINDALSTEL,Steel,debt_to_equity,1.5257,35.42,Mar 2017
JINDALSTEL,Steel,debt_to_equity,1.4139,43.75,Mar 2018
JINDALSTEL,Steel,debt_to_equity,1.2329,56.25,Mar 2019
JINDALSTEL,Steel,debt_to_equity,1.1458,66.67,Mar 2020
JINDALSTEL,Steel,debt_to_equity,0.9401,79.17,Mar 2021
JINDALSTEL,Steel,debt_to_equity,0.379,93.75,Mar 2022
JINDALSTEL,Steel,debt_to_equity,0.3371,97.92,Mar 2023
JINDALSTEL,Steel,debt_to_equity,0.3717,95.83,Mar 2024
JSWSTEEL,Steel,debt_to_equity,1.2672,54.17,Mar 2013
JSWSTEEL,Steel,debt_to_equity,1.6779,22.92,Mar 2014
JSWSTEEL,Steel,debt_to_equity,1.7386,18.75,Mar 2015
JSWSTEEL,Steel,debt_to_equity,2.2252,2.08,Mar 2016
JSWSTEEL,Steel,debt_to_equity,1.9135,12.5,Mar 2017
JSWSTEEL,Steel,debt_to_equity,1.407,45.83,Mar 2018
JSWSTEEL,Steel,debt_to_equity,1.3621,50.0,Mar 2019
JSWSTEEL,Steel,debt_to_equity,1.6783,20.83,Mar 2020
JSWSTEEL,Steel,debt_to_equity,1.3342,52.08,Mar 2021
JSWSTEEL,Steel,debt_to_equity,1.0734,70.83,Mar 2022
JSWSTEEL,Steel,debt_to_equity,1.2307,58.33,Mar 2023
JSWSTEEL,Steel,debt_to_equity,1.1328,68.75,Mar 2024
TATASTEEL,Steel,debt_to_equity,2.0054,10.42,Mar 2013
TATASTEEL,Steel,debt_to_equity,2.0139,8.33,Mar 2014
TATASTEEL,Steel,debt_to_equity,2.5743,0.0,Mar 2015
TATASTEEL,Steel,debt_to_equity,1.8748,14.58,Mar 2016
TATASTEEL,Steel,debt_to_equity,2.195,4.17,Mar 2017
TATASTEEL,Steel,debt_to_equity,1.5138,37.5,Mar 2018
TATASTEEL,Steel,debt_to_equity,1.4627,39.58,Mar 2019
TATASTEEL,Steel,debt_to_equity,1.5811,33.33,Mar 2020
TATASTEEL,Steel,debt_to_equity,1.1921,60.42,Mar 2021
TATASTEEL,Steel,debt_to_equity,0.6603,87.5,Mar 2022
TATASTEEL,Steel,debt_to_equity,0.8235,85.42,Mar 2023
TATASTEEL,Steel,debt_to_equity,0.9462,77.08,Mar 2024
HINDALCO,Steel,interest_coverage,65.2601,85.42,Mar 2013
HINDALCO,Steel,interest_coverage,117.6957,93.75,Mar 2014
HINDALCO,Steel,interest_coverage,-114.7175,4.17,Mar 2015
HINDALCO,Steel,interest_coverage,60.6593,83.33,Mar 2016
HINDALCO,Steel,interest_coverage,73.3548,87.5,Mar 2017
HINDALCO,Steel,interest_coverage,35.2553,81.25,Mar 2018
HINDALCO,Steel,interest_coverage,102.079,89.58,Mar 2019
HINDALCO,Steel,interest_coverage,114.6247,91.67,Mar 2020
HINDALCO,Steel,interest_coverage,-115.9696,2.08,Mar 2021
HINDALCO,Steel,interest_coverage,133.0623,97.92,Mar 2022
HINDALCO,Steel,interest_coverage,153.4399,100.0,Mar 2023
HINDALCO,Steel,interest_coverage,126.4654,95.83,Mar 2024
JINDALSTEL,Steel,interest_coverage,6.0347,68.75,Mar 2013
JINDALSTEL,Steel,interest_coverage,3.4023,45.83,Mar 2014
JINDALSTEL,Steel,interest_coverage,1.4139,14.58,Mar 2015
JINDALSTEL,Steel,interest_coverage,1.032,6.25,Mar 2016
JINDALSTEL,Steel,interest_coverage,1.2633,10.42,Mar 2017
JINDALSTEL,Steel,interest_coverage,1.5222,16.67,Mar 2018
JINDALSTEL,Steel,interest_coverage,1.628,18.75,Mar 2019
JINDALSTEL,Steel,interest_coverage,1.8325,20.83,Mar 2020
JINDALSTEL,Steel,interest_coverage,4.085,58.33,Mar 2021
JINDALSTEL,Steel,interest_coverage,7.2431,72.92,Mar 2022
JINDALSTEL,Steel,interest_coverage,6.5028,70.83,Mar 2023
JINDALSTEL,Steel,interest_coverage,8.0046,75.0,Mar 2024
JSWSTEEL,Steel,interest_coverage,3.1546,41.67,Mar 2013
JSWSTEEL,Steel,interest_coverage,2.4734,33.33,Mar 2014
JSWSTEEL,Steel,interest_coverage,2.7103,37.5,Mar 2015
JSWSTEEL,Steel,interest_coverage,1.2374,8.33,Mar 2016
JSWSTEEL,Steel,interest_coverage,3.2712,43.75,Mar 2017
JSWSTEEL,Steel,interest_coverage,3.9824,52.08,Mar 2018
JSWSTEEL,Steel,interest_coverage,4.8828,60.42,Mar 2019
JSWSTEEL,Steel,interest_coverage,2.702,35.42,Mar 2020
JSWSTEEL,Steel,interest_coverage,5.2189,62.5,Mar 2021
JSWSTEEL,Steel,interest_coverage,8.1952,77.08,Mar 2022
JSWSTEEL,Steel,interest_coverage,2.9022,39.58,Mar 2023
JSWSTEEL,Steel,interest_coverage,3.6591,47.92,Mar 2024
TATASTEEL,Steel,interest_coverage,1.3634,12.5,Mar 2013
TATASTEEL,Steel,interest_coverage,3.8967,50.0,Mar 2014
TATASTEEL,Steel,interest_coverage,1.9396,27.08,Mar 2015
TATASTEEL,Steel,interest_coverage,2.303,31.25,Mar 2016
TATASTEEL,Steel,interest_coverage,1.8444,22.92,Mar 2017
TATASTEEL,Steel,interest_coverage,5.9269,66.67,Mar 2018
TATASTEEL,Steel,interest_coverage,4.0264,54.17,Mar 2019
TATASTEEL,Steel,interest_coverage,1.9354,25.0,Mar 2020
TATASTEEL,Steel,interest_coverage,4.0337,56.25,Mar 2021
TATASTEEL,Steel,interest_coverage,11.862,79.17,Mar 2022
TATASTEEL,Steel,interest_coverage,5.3769,64.58,Mar 2023
TATASTEEL,Steel,interest_coverage,2.1634,29.17,Mar 2024
HINDALCO,Steel,asset_turnover,0.665,50.0,Mar 2013
HINDALCO,Steel,asset_turnover,0.6356,37.5,Mar 2014
HINDALCO,Steel,asset_turnover,0.7357,64.58,Mar 2015
HINDALCO,Steel,asset_turnover,0.6997,60.42,Mar 2016
HINDALCO,Steel,asset_turnover,0.6855,56.25,Mar 2017
HINDALCO,Steel,asset_turnover,0.7835,77.08,Mar 2018
HINDALCO,Steel,asset_turnover,0.859,85.42,Mar 2019
HINDALCO,Steel,asset_turnover,0.7007,62.5,Mar 2020
HINDALCO,Steel,asset_turnover,0.6991,58.33,Mar 2021
HINDALCO,Steel,asset_turnover,0.8792,93.75,Mar 2022
HINDALCO,Steel,asset_turnover,0.9987,100.0,Mar 2023
HINDALCO,Steel,asset_turnover,0.936,97.92,Mar 2024
JINDALSTEL,Steel,asset_turnover,0.347,10.42,Mar 2013
JINDALSTEL,Steel,asset_turnover,0.2799,8.33,Mar 2014
JINDALSTEL,Steel,asset_turnover,0.2568,6.25,Mar 2015
JINDALSTEL,Steel,asset_turnover,0.2107,2.08,Mar 2016
JINDALSTEL,Steel,asset_turnover,0.2385,4.17,Mar 2017
JINDALSTEL,Steel,asset_turnover,0.373,12.5,Mar 2018
JINDALSTEL,Steel,asset_turnover,0.5277,20.83,Mar 2019
JINDALSTEL,Steel,asset_turnover,0.4226,14.58,Mar 2020
JINDALSTEL,Steel,asset_turnover,0.4442,16.67,Mar 2021
JINDALSTEL,Steel,asset_turnover,0.6676,52.08,Mar 2022
JINDALSTEL,Steel,asset_turnover,0.7664,70.83,Mar 2023
JINDALSTEL,Steel,asset_turnover,0.64,39.58,Mar 2024
JSWSTEEL,Steel,asset_turnover,0.6644,47.92,Mar 2013
JSWSTEEL,Steel,asset_turnover,0.6597,45.83,Mar 2014
JSWSTEEL,Steel,asset_turnover,0.6184,33.33,Mar 2015
JSWSTEEL,Steel,asset_turnover,0.5072,18.75,Mar 2016
JSWSTEEL,Steel,asset_turnover,0.6318,35.42,Mar 2017
JSWSTEEL,Steel,asset_turnover,0.7821,75.0,Mar 2018
JSWSTEEL,Steel,asset_turnover,0.7383,66.67,Mar 2019
JSWSTEEL,Steel,asset_turnover,0.5563,25.0,Mar 2020
JSWSTEEL,Steel,asset_turnover,0.5383,22.92,Mar 2021
JSWSTEEL,Steel,asset_turnover,0.7449,68.75,Mar 2022
JSWSTEEL,Steel,asset_turnover,0.7883,79.17,Mar 2023
JSWSTEEL,Steel,asset_turnover,0.7679,72.92,Mar 2024
TATASTEEL,Steel,asset_turnover,0.9172,95.83,Mar 2013
TATASTEEL,Steel,asset_turnover,0.866,89.58,Mar 2014
TATASTEEL,Steel,asset_turnover,0.8768,91.67,Mar 2015
TATASTEEL,Steel,asset_turnover,0.5765,29.17,Mar 2016
TATASTEEL,Steel,asset_turnover,0.6512,43.75,Mar 2017
TATASTEEL,Steel,asset_turnover,0.5905,31.25,Mar 2018
TATASTEEL,Steel,asset_turnover,0.6774,54.17,Mar 2019
TATASTEEL,Steel,asset_turnover,0.5612,27.08,Mar 2020
TATASTEEL,Steel,asset_turnover,0.6408,41.67,Mar 2021
TATASTEEL,Steel,asset_turnover,0.8638,87.5,Mar 2022
TATASTEEL,Steel,asset_turnover,0.8527,83.33,Mar 2023
TATASTEEL,Steel,asset_turnover,0.8509,81.25,Mar 2024
